category	server_absolute_path	windows_relative_path	size_bytes	sha256_if_known	logical_role	sha256_basis
dataset	/home/shanjinshuo/fno_kerr/kerr_project/data/tasks/q_1p6-3_n2000_t1200/dataset.npz	01_datasets/q_1p6-3_n2000_t1200/dataset.npz	55679506	3e0358831e6b96c38f15c8e3178f6d37f38b4bddbe1ab01a63cfaba043f211ce	shared_dataset:dataset	previously_recorded_not_rehashed
dataset_metadata	/home/shanjinshuo/fno_kerr/kerr_project/data/tasks/q_1p6-3_n2000_t1200/failed_samples.json	01_datasets/q_1p6-3_n2000_t1200/failed_samples.json	2	4f53cda18c2baa0c0354bb5f9a3ecbe5ed12ab4d8e11ba873c2f11161202b945	shared_dataset:dataset_metadata	computed_during_inventory
dataset_metadata	/home/shanjinshuo/fno_kerr/kerr_project/data/tasks/q_1p6-3_n2000_t1200/meta.json	01_datasets/q_1p6-3_n2000_t1200/meta.json	2260	459f8024f66db1abfe95d732b1cc9c90132c7bcc29d6425e25bbf32143fd6338	shared_dataset:dataset_metadata	current_file_verified_against_record
dataset	/home/shanjinshuo/fno_kerr/kerr_project/data/tasks/q_1p6-3_n2000_t2399_plan_b_matched_v1/dataset.npz	01_datasets/q_1p6-3_n2000_t2399_plan_b_matched_v1/dataset.npz	111180905	031135ec8f4839881f9ce968dc0c4a1b7b2a0184e0690eb97458f7d095c05a2d	shared_dataset:dataset	previously_recorded_not_rehashed
dataset_metadata	/home/shanjinshuo/fno_kerr/kerr_project/data/tasks/q_1p6-3_n2000_t2399_plan_b_matched_v1/failed_samples.json	01_datasets/q_1p6-3_n2000_t2399_plan_b_matched_v1/failed_samples.json	3	37517e5f3dc66819f61f5a7bb8ace1921282415f10551d2defa5c3eb0985b570	shared_dataset:dataset_metadata	computed_during_inventory
dataset_metadata	/home/shanjinshuo/fno_kerr/kerr_project/data/tasks/q_1p6-3_n2000_t2399_plan_b_matched_v1/meta.json	01_datasets/q_1p6-3_n2000_t2399_plan_b_matched_v1/meta.json	3752	0a5fa726b954353c10e80324458d850dce7bbfaf5f27466b7052cdfd026e19c5	shared_dataset:dataset_metadata	current_file_verified_against_record
dataset_metadata	/home/shanjinshuo/fno_kerr/kerr_project/data/tasks/q_1p6-3_n2000_t2399_plan_b_matched_v1/solver_diagnostics.json	01_datasets/q_1p6-3_n2000_t2399_plan_b_matched_v1/solver_diagnostics.json	1208543	e94cf569f0f0c95659656ae82d0e2b55f68e091c04bc1f563f5cbb27a7811bea	shared_dataset:dataset_metadata	computed_during_inventory
dataset	/home/shanjinshuo/fno_kerr/kerr_project/data/tasks/q_1p6007-2p9993_n400_t1200/dataset.npz	01_datasets/q_1p6007-2p9993_n400_t1200/dataset.npz	11139587	39c7b1ce9624123a5f2680d76abe8a7fa18e135ec166fa70262efb8d563c60db	shared_dataset:dataset	previously_recorded_not_rehashed
dataset_metadata	/home/shanjinshuo/fno_kerr/kerr_project/data/tasks/q_1p6007-2p9993_n400_t1200/failed_samples.json	01_datasets/q_1p6007-2p9993_n400_t1200/failed_samples.json	2	4f53cda18c2baa0c0354bb5f9a3ecbe5ed12ab4d8e11ba873c2f11161202b945	shared_dataset:dataset_metadata	computed_during_inventory
dataset_metadata	/home/shanjinshuo/fno_kerr/kerr_project/data/tasks/q_1p6007-2p9993_n400_t1200/meta.json	01_datasets/q_1p6007-2p9993_n400_t1200/meta.json	2278	fbe816012a245c4cadf132de8cae5f042f8f796677e89b91af33b1fb377702d8	shared_dataset:dataset_metadata	current_file_verified_against_record
dataset	/home/shanjinshuo/fno_kerr/kerr_project/data/tasks/q_1p6007-2p9993_n400_t2399_plan_b_v1/dataset.npz	01_datasets/q_1p6007-2p9993_n400_t2399_plan_b_v1/dataset.npz	22242340	57eaef573d4adc86c352b91f04c256cc1bd54cd38ebc042d70644e20aa750ce8	shared_dataset:dataset	previously_recorded_not_rehashed
dataset_metadata	/home/shanjinshuo/fno_kerr/kerr_project/data/tasks/q_1p6007-2p9993_n400_t2399_plan_b_v1/failed_samples.json	01_datasets/q_1p6007-2p9993_n400_t2399_plan_b_v1/failed_samples.json	3	37517e5f3dc66819f61f5a7bb8ace1921282415f10551d2defa5c3eb0985b570	shared_dataset:dataset_metadata	computed_during_inventory
dataset_metadata	/home/shanjinshuo/fno_kerr/kerr_project/data/tasks/q_1p6007-2p9993_n400_t2399_plan_b_v1/meta.json	01_datasets/q_1p6007-2p9993_n400_t2399_plan_b_v1/meta.json	3780	7f25459170d197729fe5c9d7aa046cae0138ac64aca8b1d81d396c96d1f149fc	shared_dataset:dataset_metadata	current_file_verified_against_record
dataset_metadata	/home/shanjinshuo/fno_kerr/kerr_project/data/tasks/q_1p6007-2p9993_n400_t2399_plan_b_v1/solver_diagnostics.json	01_datasets/q_1p6007-2p9993_n400_t2399_plan_b_v1/solver_diagnostics.json	241333	7c3e23ecd5b9a5d2212a310647759196c4c79f560d82ebad17f36fe5cf925c17	shared_dataset:dataset_metadata	computed_during_inventory
dataset	/home/shanjinshuo/fno_kerr/kerr_project/data/tasks/q_1p6007-2p9993_n400_t3598_plan_b_range_v1/dataset.npz	01_datasets/q_1p6007-2p9993_n400_t3598_plan_b_range_v1/dataset.npz	33277700	edaec5a5ad1cb5c4bca24558cb9e014ea55e64c8b766a6f03ea88bf933ea8aa2	shared_dataset:dataset	previously_recorded_not_rehashed
dataset_metadata	/home/shanjinshuo/fno_kerr/kerr_project/data/tasks/q_1p6007-2p9993_n400_t3598_plan_b_range_v1/failed_samples.json	01_datasets/q_1p6007-2p9993_n400_t3598_plan_b_range_v1/failed_samples.json	3	37517e5f3dc66819f61f5a7bb8ace1921282415f10551d2defa5c3eb0985b570	shared_dataset:dataset_metadata	computed_during_inventory
dataset_metadata	/home/shanjinshuo/fno_kerr/kerr_project/data/tasks/q_1p6007-2p9993_n400_t3598_plan_b_range_v1/meta.json	01_datasets/q_1p6007-2p9993_n400_t3598_plan_b_range_v1/meta.json	3751	f5a748a07e21ba16249de20e3f3997da1eca4ac8cbef2b60104a048a8a0c6be3	shared_dataset:dataset_metadata	current_file_verified_against_record
dataset_metadata	/home/shanjinshuo/fno_kerr/kerr_project/data/tasks/q_1p6007-2p9993_n400_t3598_plan_b_range_v1/solver_diagnostics.json	01_datasets/q_1p6007-2p9993_n400_t3598_plan_b_range_v1/solver_diagnostics.json	241310	9241cae8f28449b09f2602b6d089882a06e93f357e0f511571d436d1f70eb59b	shared_dataset:dataset_metadata	computed_during_inventory
dataset	/home/shanjinshuo/fno_kerr/kerr_project/data/tasks/q_1p6007-2p9993_n400_t4797_plan_b_range_v1/dataset.npz	01_datasets/q_1p6007-2p9993_n400_t4797_plan_b_range_v1/dataset.npz	44276491	357451cb03bc974778adcc03827550c0033b1eb8e0cb02e8ed3320428127e5a1	shared_dataset:dataset	previously_recorded_not_rehashed
dataset_metadata	/home/shanjinshuo/fno_kerr/kerr_project/data/tasks/q_1p6007-2p9993_n400_t4797_plan_b_range_v1/failed_samples.json	01_datasets/q_1p6007-2p9993_n400_t4797_plan_b_range_v1/failed_samples.json	3	37517e5f3dc66819f61f5a7bb8ace1921282415f10551d2defa5c3eb0985b570	shared_dataset:dataset_metadata	computed_during_inventory
dataset_metadata	/home/shanjinshuo/fno_kerr/kerr_project/data/tasks/q_1p6007-2p9993_n400_t4797_plan_b_range_v1/meta.json	01_datasets/q_1p6007-2p9993_n400_t4797_plan_b_range_v1/meta.json	3723	898a2f4a2b9ebe85278a0aef4d4720d649e491c877642c2298d12ddaf77801f8	shared_dataset:dataset_metadata	current_file_verified_against_record
dataset_metadata	/home/shanjinshuo/fno_kerr/kerr_project/data/tasks/q_1p6007-2p9993_n400_t4797_plan_b_range_v1/solver_diagnostics.json	01_datasets/q_1p6007-2p9993_n400_t4797_plan_b_range_v1/solver_diagnostics.json	241251	9469f3a3b96588e019ea490d214cd6c578ff79d875bed01fb26df2ec793d10df	shared_dataset:dataset_metadata	computed_during_inventory
provenance_summary	/home/shanjinshuo/fno_kerr/kerr_project/outputs/q_1p6-3_n2000_t1200/fno2d_m16x32_w64_d4_e500/logs/train_history.json	02_plan_b_fno/fno2d_m16x32_w64_d4_e500/logs/train_history.json	76286	011ccbb0f66513bd3a28f4954bc551cba9b2b423bacf28de7f0263e3c683eee3	plan_b:provenance_summary	computed_during_inventory
provenance_summary	/home/shanjinshuo/fno_kerr/kerr_project/outputs/q_1p6-3_n2000_t1200/fno2d_m16x32_w64_d4_e500/logs/train_summary.json	02_plan_b_fno/fno2d_m16x32_w64_d4_e500/logs/train_summary.json	13430	7948bd20239c53cea86011a20606ff33469c7b74e123b06f2d61d49929f9a1aa	plan_b:provenance_summary	computed_during_inventory
provenance_summary	/home/shanjinshuo/fno_kerr/kerr_project/outputs/q_1p6-3_n2000_t1200/fno2d_m16x32_w64_d4_e500/run_config.json	02_plan_b_fno/fno2d_m16x32_w64_d4_e500/run_config.json	4945	d03814c899f26624020d412259fe6042fef39ffaa8ae5d156ef068acc3363990	plan_b:provenance_summary	computed_during_inventory
provenance_summary	/home/shanjinshuo/fno_kerr/kerr_project/outputs/q_1p6-3_n2000_t1200/fno2d_m16x32_w64_d4_e500/summary.json	02_plan_b_fno/fno2d_m16x32_w64_d4_e500/summary.json	3148	b4c99279e15e3033a04ac1d47394417a6a46788f99c00d956b35e32f70c716aa	plan_b:provenance_summary	computed_during_inventory
metrics_metadata	/home/shanjinshuo/fno_kerr/kerr_project/outputs/plan_b_bidirectional_t1200_t2399/bidirectional_resolution_matrix.json	02_plan_b_fno/plan_b_bidirectional_t1200_t2399/bidirectional_resolution_matrix.json	2611	6ee8b28241997f12f9887ba99b3fd901dc92264fbc460566440b175997523cbe	plan_b:metrics_metadata	computed_during_inventory
metrics_metadata	/home/shanjinshuo/fno_kerr/kerr_project/outputs/plan_b_bidirectional_t1200_t2399/experiment_summary.json	02_plan_b_fno/plan_b_bidirectional_t1200_t2399/experiment_summary.json	1924185	5903ccfe118b146c6480eb62cf439f5d74379279d6405a6758b07842b27d2900	plan_b:metrics_metadata	computed_during_inventory
metrics_metadata	/home/shanjinshuo/fno_kerr/kerr_project/outputs/plan_b_bidirectional_t1200_t2399/theta2399_q400_evaluation/experiment_summary.json	02_plan_b_fno/plan_b_bidirectional_t1200_t2399/theta2399_q400_evaluation/experiment_summary.json	85508	7cccd9d3191973bdf52155e0725d97ed0679c5c7230f6eb365b800318156621f	plan_b:metrics_metadata	computed_during_inventory
metrics_metadata	/home/shanjinshuo/fno_kerr/kerr_project/outputs/plan_b_bidirectional_t1200_t2399/theta2399_q400_evaluation/metrics.json	02_plan_b_fno/plan_b_bidirectional_t1200_t2399/theta2399_q400_evaluation/metrics.json	1066	c51855a1a3fd91a71612ed84ab74c1b1a4d2ee041ab283dcf3b033e005e94b0c	plan_b:metrics_metadata	computed_during_inventory
final_prediction	/home/shanjinshuo/fno_kerr/kerr_project/outputs/plan_b_bidirectional_t1200_t2399/theta2399_q400_evaluation/theta2399_native_t2399_prediction_raw_xyz.npy	02_plan_b_fno/plan_b_bidirectional_t1200_t2399/theta2399_q400_evaluation/theta2399_native_t2399_prediction_raw_xyz.npy	11515328	1671d71163d3d0ff7bc1ea628b9649faf4682d7dca5eca27cf74b86bbbf8e05c	plan_b:final_prediction	computed_during_inventory
final_prediction	/home/shanjinshuo/fno_kerr/kerr_project/outputs/plan_b_bidirectional_t1200_t2399/theta2399_q400_evaluation/theta2399_reverse_t1200_prediction_raw_xyz.npy	02_plan_b_fno/plan_b_bidirectional_t1200_t2399/theta2399_q400_evaluation/theta2399_reverse_t1200_prediction_raw_xyz.npy	5760128	a864d80a0f6ab54eb4a4d2ec53d003d0d761ddf71763176f8811709aebcb771c	plan_b:final_prediction	computed_during_inventory
provenance_summary	/home/shanjinshuo/fno_kerr/kerr_project/outputs/plan_b_bidirectional_t1200_t2399/training/run_config.json	02_plan_b_fno/plan_b_bidirectional_t1200_t2399/training/run_config.json	3836	0936017efe735fbeff9baf4cc80159171306e5ded4541821f07233b1c6e44efe	plan_b:provenance_summary	computed_during_inventory
provenance_summary	/home/shanjinshuo/fno_kerr/kerr_project/outputs/plan_b_bidirectional_t1200_t2399/training/train_history.json	02_plan_b_fno/plan_b_bidirectional_t1200_t2399/training/train_history.json	66267	773fa0b0410fec4795eda5a2c541b72399cf9bfff0f1a51bd4d8a72955a3f6ef	plan_b:provenance_summary	computed_during_inventory
provenance_summary	/home/shanjinshuo/fno_kerr/kerr_project/outputs/plan_b_bidirectional_t1200_t2399/training/train_summary.json	02_plan_b_fno/plan_b_bidirectional_t1200_t2399/training/train_summary.json	1073	c4785b0426d52db9e20dd4a91f0b376996cea73c6bb37b22a2f57ddc6393df14	plan_b:provenance_summary	computed_during_inventory
provenance_summary	/home/shanjinshuo/fno_kerr/kerr_project/outputs/plan_b_bidirectional_t1200_t2399/workflow_state.json	02_plan_b_fno/plan_b_bidirectional_t1200_t2399/workflow_state.json	6810	851109222fae0be82d138c1fd91b7ff7f29be4a2d8baaf0c9819ad1b45e97a12	plan_b:provenance_summary	computed_during_inventory
final_prediction	/home/shanjinshuo/fno_kerr/kerr_project/outputs/plan_b_q400_t1200_to_t2399/frozen_fno_resolution_generalization/coarse_prediction_raw_xyz.npy	02_plan_b_fno/plan_b_q400_t1200_to_t2399/frozen_fno_resolution_generalization/coarse_prediction_raw_xyz.npy	5760128	60d2ec8c089ceededc2dbbd9ad6726287b94ba76da50e9dc89cb6a8ab1763c64	plan_b:final_prediction	computed_during_inventory
metrics_metadata	/home/shanjinshuo/fno_kerr/kerr_project/outputs/plan_b_q400_t1200_to_t2399/frozen_fno_resolution_generalization/experiment_summary.json	02_plan_b_fno/plan_b_q400_t1200_to_t2399/frozen_fno_resolution_generalization/experiment_summary.json	89241	ffa7211ab9b799b007075c12004fc2af76568f532844f0bd2cd86267a8c5dbdc	plan_b:metrics_metadata	computed_during_inventory
final_prediction	/home/shanjinshuo/fno_kerr/kerr_project/outputs/plan_b_q400_t1200_to_t2399/frozen_fno_resolution_generalization/fine_prediction_raw_xyz.npy	02_plan_b_fno/plan_b_q400_t1200_to_t2399/frozen_fno_resolution_generalization/fine_prediction_raw_xyz.npy	11515328	23be396f5044c07f57d2ce625f9416b1821e7713279b76671f34aa86b6fc6c97	plan_b:final_prediction	computed_during_inventory
metrics_metadata	/home/shanjinshuo/fno_kerr/kerr_project/outputs/plan_b_q400_t1200_to_t2399/frozen_fno_resolution_generalization/metrics.json	02_plan_b_fno/plan_b_q400_t1200_to_t2399/frozen_fno_resolution_generalization/metrics.json	1610	aba2a0288e1686dc0526bdfaf7293a96a2ebd712d2e421bcd62263a8b85c933c	plan_b:metrics_metadata	computed_during_inventory
metrics_metadata	/home/shanjinshuo/fno_kerr/kerr_project/outputs/plan_b_q400_t1200_to_t2399/ground_truth_consistency.json	02_plan_b_fno/plan_b_q400_t1200_to_t2399/ground_truth_consistency.json	346992	ec8f4250eda65874d48cb0dc358995348069f1ce62801aa714c3a3102dae381e	plan_b:metrics_metadata	computed_during_inventory
metrics_metadata	/home/shanjinshuo/fno_kerr/kerr_project/outputs/plan_b_resolution_range_t1200_t2399_t3598_t4797/experiment_summary.json	02_plan_b_fno/plan_b_resolution_range_t1200_t2399_t3598_t4797/experiment_summary.json	787830	8f543a678a20847d57433ad9f5e0b32a20d24db070f00d4d4aaa841b94cb195e	plan_b:metrics_metadata	computed_during_inventory
metrics_metadata	/home/shanjinshuo/fno_kerr/kerr_project/outputs/plan_b_resolution_range_t1200_t2399_t3598_t4797/ground_truth_qualification/t3598.json	02_plan_b_fno/plan_b_resolution_range_t1200_t2399_t3598_t4797/ground_truth_qualification/t3598.json	346941	bf5e0a5f244533c9e54d8610c01f41e6b8f02bd37f804372dc569cdb542927fb	plan_b:metrics_metadata	computed_during_inventory
metrics_metadata	/home/shanjinshuo/fno_kerr/kerr_project/outputs/plan_b_resolution_range_t1200_t2399_t3598_t4797/ground_truth_qualification/t4797.json	02_plan_b_fno/plan_b_resolution_range_t1200_t2399_t3598_t4797/ground_truth_qualification/t4797.json	346879	4b961a5ae2e4b6fb315c10476e0ed411106d6e37f7b87c6483a8aebeceff8c85	plan_b:metrics_metadata	computed_during_inventory
metrics_metadata	/home/shanjinshuo/fno_kerr/kerr_project/outputs/plan_b_resolution_range_t1200_t2399_t3598_t4797/new_evaluations/theta1200_t3598/experiment_summary.json	02_plan_b_fno/plan_b_resolution_range_t1200_t2399_t3598_t4797/new_evaluations/theta1200_t3598/experiment_summary.json	85958	283ab78490ca31711e0b42326cb1ca5acbef1be96076e4311b7c570d654ff632	plan_b:metrics_metadata	computed_during_inventory
metrics_metadata	/home/shanjinshuo/fno_kerr/kerr_project/outputs/plan_b_resolution_range_t1200_t2399_t3598_t4797/new_evaluations/theta1200_t3598/metrics.json	02_plan_b_fno/plan_b_resolution_range_t1200_t2399_t3598_t4797/new_evaluations/theta1200_t3598/metrics.json	474	f3a37fc0fc125b491e674f407365b0fce53a4d502ac1f830d39a867006a6d125	plan_b:metrics_metadata	computed_during_inventory
final_prediction	/home/shanjinshuo/fno_kerr/kerr_project/outputs/plan_b_resolution_range_t1200_t2399_t3598_t4797/new_evaluations/theta1200_t3598/theta1200_t3598_prediction_raw_xyz.npy	02_plan_b_fno/plan_b_resolution_range_t1200_t2399_t3598_t4797/new_evaluations/theta1200_t3598/theta1200_t3598_prediction_raw_xyz.npy	17270528	3b40f6761c1e57f84e8293f06dd433933e94c82c069931382ab3e4a7d7f92476	plan_b:final_prediction	computed_during_inventory
metrics_metadata	/home/shanjinshuo/fno_kerr/kerr_project/outputs/plan_b_resolution_range_t1200_t2399_t3598_t4797/new_evaluations/theta1200_t4797/experiment_summary.json	02_plan_b_fno/plan_b_resolution_range_t1200_t2399_t3598_t4797/new_evaluations/theta1200_t4797/experiment_summary.json	85942	b812f9cf2de9a91e36f930b040164a68947e978dc4d94fb4c9b30dc7e060fecf	plan_b:metrics_metadata	computed_during_inventory
metrics_metadata	/home/shanjinshuo/fno_kerr/kerr_project/outputs/plan_b_resolution_range_t1200_t2399_t3598_t4797/new_evaluations/theta1200_t4797/metrics.json	02_plan_b_fno/plan_b_resolution_range_t1200_t2399_t3598_t4797/new_evaluations/theta1200_t4797/metrics.json	474	f7353b10a8aa8ee38ddcc7577c68f25cd8bbb0fa4e767b613c41a5a354959b14	plan_b:metrics_metadata	computed_during_inventory
final_prediction	/home/shanjinshuo/fno_kerr/kerr_project/outputs/plan_b_resolution_range_t1200_t2399_t3598_t4797/new_evaluations/theta1200_t4797/theta1200_t4797_prediction_raw_xyz.npy	02_plan_b_fno/plan_b_resolution_range_t1200_t2399_t3598_t4797/new_evaluations/theta1200_t4797/theta1200_t4797_prediction_raw_xyz.npy	23025728	38b3b9adfbe7f3ca3e2552cf28917164534309b7f050eb45dbec0056decf7113	plan_b:final_prediction	computed_during_inventory
metrics_metadata	/home/shanjinshuo/fno_kerr/kerr_project/outputs/plan_b_resolution_range_t1200_t2399_t3598_t4797/new_evaluations/theta2399_t3598/experiment_summary.json	02_plan_b_fno/plan_b_resolution_range_t1200_t2399_t3598_t4797/new_evaluations/theta2399_t3598/experiment_summary.json	85955	caa066ec746d283ea928b07fd6c192738324d21bc4c8fb336dec61361e903495	plan_b:metrics_metadata	computed_during_inventory
metrics_metadata	/home/shanjinshuo/fno_kerr/kerr_project/outputs/plan_b_resolution_range_t1200_t2399_t3598_t4797/new_evaluations/theta2399_t3598/metrics.json	02_plan_b_fno/plan_b_resolution_range_t1200_t2399_t3598_t4797/new_evaluations/theta2399_t3598/metrics.json	475	868aa4ab8ea88da0a68fda905a2366aa1d73ed015bd4e65a339ae39093b03516	plan_b:metrics_metadata	computed_during_inventory
final_prediction	/home/shanjinshuo/fno_kerr/kerr_project/outputs/plan_b_resolution_range_t1200_t2399_t3598_t4797/new_evaluations/theta2399_t3598/theta2399_t3598_prediction_raw_xyz.npy	02_plan_b_fno/plan_b_resolution_range_t1200_t2399_t3598_t4797/new_evaluations/theta2399_t3598/theta2399_t3598_prediction_raw_xyz.npy	17270528	dc49b1e137f3193eab4464810433cbbec8f06598b80c637ab0f4406480cf7c4d	plan_b:final_prediction	computed_during_inventory
metrics_metadata	/home/shanjinshuo/fno_kerr/kerr_project/outputs/plan_b_resolution_range_t1200_t2399_t3598_t4797/new_evaluations/theta2399_t4797/experiment_summary.json	02_plan_b_fno/plan_b_resolution_range_t1200_t2399_t3598_t4797/new_evaluations/theta2399_t4797/experiment_summary.json	85937	4376d6d3691ddcdef7e33d9fd5df8b8d2ecc20f130dbfd25292be4e04e8ed73b	plan_b:metrics_metadata	computed_during_inventory
metrics_metadata	/home/shanjinshuo/fno_kerr/kerr_project/outputs/plan_b_resolution_range_t1200_t2399_t3598_t4797/new_evaluations/theta2399_t4797/metrics.json	02_plan_b_fno/plan_b_resolution_range_t1200_t2399_t3598_t4797/new_evaluations/theta2399_t4797/metrics.json	473	ae0b5250d6ca3cc9650c5f51fc7573bbbdb1124ffc647f5c905048f570053f21	plan_b:metrics_metadata	computed_during_inventory
final_prediction	/home/shanjinshuo/fno_kerr/kerr_project/outputs/plan_b_resolution_range_t1200_t2399_t3598_t4797/new_evaluations/theta2399_t4797/theta2399_t4797_prediction_raw_xyz.npy	02_plan_b_fno/plan_b_resolution_range_t1200_t2399_t3598_t4797/new_evaluations/theta2399_t4797/theta2399_t4797_prediction_raw_xyz.npy	23025728	7c222fdbcb8d14593802abff697baba458516d677f7efb2ed3585719f2a02543	plan_b:final_prediction	computed_during_inventory
metrics_metadata	/home/shanjinshuo/fno_kerr/kerr_project/outputs/plan_b_resolution_range_t1200_t2399_t3598_t4797/resolution_curve.json	02_plan_b_fno/plan_b_resolution_range_t1200_t2399_t3598_t4797/resolution_curve.json	7041	aea35bacd4d2b1f695ee8e8ac04fe4a14dbe8dbb31550af8a94a3872323bbe97	plan_b:metrics_metadata	computed_during_inventory
metrics_metadata	/home/shanjinshuo/fno_kerr/kerr_project/outputs/plan_b_resolution_range_t1200_t2399_t3598_t4797/resolution_range_matrix.json	02_plan_b_fno/plan_b_resolution_range_t1200_t2399_t3598_t4797/resolution_range_matrix.json	8405	8c3adee8f1d21ba74de6a21a47856a80514357ad6763e8d448bc7132c798a0b9	plan_b:metrics_metadata	computed_during_inventory
provenance_summary	/home/shanjinshuo/fno_kerr/kerr_project/outputs/plan_b_resolution_range_t1200_t2399_t3598_t4797/workflow_state.json	02_plan_b_fno/plan_b_resolution_range_t1200_t2399_t3598_t4797/workflow_state.json	3302	fcd3f39156697365369311589fa47dd49ee47c6d7f5bffe4cca8623f06c21188	plan_b:provenance_summary	computed_during_inventory
metrics_metadata	/home/shanjinshuo/fno_kerr/kerr_project/outputs/benchmark_track_a_v1/phase_i_wave1_fno1d_20260912/eval_t1200/matrix.json	03_track_a_benchmark/phase_i_wave1_fno1d_20260912/eval_t1200/matrix.json	403152	3861703602589e4d56929f810a6147d6b2ab03b001533b1c751bbf2ebfe1f032	track_a:metrics_metadata	current_file_verified_against_record
metrics_metadata	/home/shanjinshuo/fno_kerr/kerr_project/outputs/benchmark_track_a_v1/phase_i_wave1_fno1d_20260912/eval_t1200/metrics_t1200.json	03_track_a_benchmark/phase_i_wave1_fno1d_20260912/eval_t1200/metrics_t1200.json	86297	4428f6db3642977d7455ad6a599e02a198060b4f0b8fc00f3460e1e8bc9b7304	track_a:metrics_metadata	current_file_verified_against_record
metrics_metadata	/home/shanjinshuo/fno_kerr/kerr_project/outputs/benchmark_track_a_v1/phase_i_wave1_fno1d_20260912/eval_t1200/metrics_t2399.json	03_track_a_benchmark/phase_i_wave1_fno1d_20260912/eval_t1200/metrics_t2399.json	86304	d4a2640c2aea7b3aca88c473449abfbd6702626c69f2bdc45fa95dd9107b65ea	track_a:metrics_metadata	current_file_verified_against_record
metrics_metadata	/home/shanjinshuo/fno_kerr/kerr_project/outputs/benchmark_track_a_v1/phase_i_wave1_fno1d_20260912/eval_t1200/metrics_t3598.json	03_track_a_benchmark/phase_i_wave1_fno1d_20260912/eval_t1200/metrics_t3598.json	86321	5b1b599d18b8873f58d8b84a2a0e57c9f292152a9bc4ed6b4ebda1583d8df082	track_a:metrics_metadata	current_file_verified_against_record
metrics_metadata	/home/shanjinshuo/fno_kerr/kerr_project/outputs/benchmark_track_a_v1/phase_i_wave1_fno1d_20260912/eval_t1200/metrics_t4797.json	03_track_a_benchmark/phase_i_wave1_fno1d_20260912/eval_t1200/metrics_t4797.json	86322	c5936d74ff5f90955a2733af94c44ad54494f256c3a0bc1a713d81bd115c34ac	track_a:metrics_metadata	current_file_verified_against_record
final_prediction	/home/shanjinshuo/fno_kerr/kerr_project/outputs/benchmark_track_a_v1/phase_i_wave1_fno1d_20260912/eval_t1200/prediction_t1200.npz	03_track_a_benchmark/phase_i_wave1_fno1d_20260912/eval_t1200/prediction_t1200.npz	5325690	4482c19f58f57b5102e33942f6a50fb04ce7a31729727b041457922edef3c0c3	track_a:final_prediction	current_file_verified_against_record
final_prediction	/home/shanjinshuo/fno_kerr/kerr_project/outputs/benchmark_track_a_v1/phase_i_wave1_fno1d_20260912/eval_t1200/prediction_t2399.npz	03_track_a_benchmark/phase_i_wave1_fno1d_20260912/eval_t1200/prediction_t2399.npz	10630464	18c4f0253548d52963d8075ec2847e4cad310993367921bcda3c65eed5049d99	track_a:final_prediction	current_file_verified_against_record
final_prediction	/home/shanjinshuo/fno_kerr/kerr_project/outputs/benchmark_track_a_v1/phase_i_wave1_fno1d_20260912/eval_t1200/prediction_t3598.npz	03_track_a_benchmark/phase_i_wave1_fno1d_20260912/eval_t1200/prediction_t3598.npz	15917039	1aa211acd83cf3b3fc338ce20e66e7c0093698a8b898be932baef56533011a1a	track_a:final_prediction	current_file_verified_against_record
final_prediction	/home/shanjinshuo/fno_kerr/kerr_project/outputs/benchmark_track_a_v1/phase_i_wave1_fno1d_20260912/eval_t1200/prediction_t4797.npz	03_track_a_benchmark/phase_i_wave1_fno1d_20260912/eval_t1200/prediction_t4797.npz	21182360	08b386d4bd24f4f552a0eddcb22ef9ca0dc51b5b980e5f06c8a55a2a2dbde75b	track_a:final_prediction	current_file_verified_against_record
metrics_metadata	/home/shanjinshuo/fno_kerr/kerr_project/outputs/benchmark_track_a_v1/phase_i_wave1_fno1d_20260912/eval_t2399/matrix.json	03_track_a_benchmark/phase_i_wave1_fno1d_20260912/eval_t2399/matrix.json	403144	729c68ea54c85c22324d92ed1a50353434b63191793468fcfa069f738d42ef9d	track_a:metrics_metadata	current_file_verified_against_record
metrics_metadata	/home/shanjinshuo/fno_kerr/kerr_project/outputs/benchmark_track_a_v1/phase_i_wave1_fno1d_20260912/eval_t2399/metrics_t1200.json	03_track_a_benchmark/phase_i_wave1_fno1d_20260912/eval_t2399/metrics_t1200.json	86296	16c78cc0adda36db50442e37f73935457d2b73f5c2bcc64a2be23f986cba2787	track_a:metrics_metadata	current_file_verified_against_record
metrics_metadata	/home/shanjinshuo/fno_kerr/kerr_project/outputs/benchmark_track_a_v1/phase_i_wave1_fno1d_20260912/eval_t2399/metrics_t2399.json	03_track_a_benchmark/phase_i_wave1_fno1d_20260912/eval_t2399/metrics_t2399.json	86309	9e1f30573355807d802eff2e583f69bf9ef91f3fddd89d19e345295007a6e16d	track_a:metrics_metadata	current_file_verified_against_record
metrics_metadata	/home/shanjinshuo/fno_kerr/kerr_project/outputs/benchmark_track_a_v1/phase_i_wave1_fno1d_20260912/eval_t2399/metrics_t3598.json	03_track_a_benchmark/phase_i_wave1_fno1d_20260912/eval_t2399/metrics_t3598.json	86313	c407e515f8da91af2e3b996afe1792a1422db704737c502eb4a6454bfba17512	track_a:metrics_metadata	current_file_verified_against_record
metrics_metadata	/home/shanjinshuo/fno_kerr/kerr_project/outputs/benchmark_track_a_v1/phase_i_wave1_fno1d_20260912/eval_t2399/metrics_t4797.json	03_track_a_benchmark/phase_i_wave1_fno1d_20260912/eval_t2399/metrics_t4797.json	86314	f4848d03097d52d9bc6759aeaed841cc6a330c1b2602c248133f8ca308a255a2	track_a:metrics_metadata	current_file_verified_against_record
final_prediction	/home/shanjinshuo/fno_kerr/kerr_project/outputs/benchmark_track_a_v1/phase_i_wave1_fno1d_20260912/eval_t2399/prediction_t1200.npz	03_track_a_benchmark/phase_i_wave1_fno1d_20260912/eval_t2399/prediction_t1200.npz	5326278	3b281d521609853f3b384bf7c7d18c488f514d281a8790161c9c7151dc189ae0	track_a:final_prediction	current_file_verified_against_record
final_prediction	/home/shanjinshuo/fno_kerr/kerr_project/outputs/benchmark_track_a_v1/phase_i_wave1_fno1d_20260912/eval_t2399/prediction_t2399.npz	03_track_a_benchmark/phase_i_wave1_fno1d_20260912/eval_t2399/prediction_t2399.npz	10631691	ed303536ec083b3d4cfe2ebc4efc1db23a3362f9c788c28ef80fe50625a2bbb7	track_a:final_prediction	current_file_verified_against_record
final_prediction	/home/shanjinshuo/fno_kerr/kerr_project/outputs/benchmark_track_a_v1/phase_i_wave1_fno1d_20260912/eval_t2399/prediction_t3598.npz	03_track_a_benchmark/phase_i_wave1_fno1d_20260912/eval_t2399/prediction_t3598.npz	15918643	c4fc2006381d0a28f736976cf0da1438e83d3ab2dcc52bb1013730ff29e789a7	track_a:final_prediction	current_file_verified_against_record
final_prediction	/home/shanjinshuo/fno_kerr/kerr_project/outputs/benchmark_track_a_v1/phase_i_wave1_fno1d_20260912/eval_t2399/prediction_t4797.npz	03_track_a_benchmark/phase_i_wave1_fno1d_20260912/eval_t2399/prediction_t4797.npz	21186203	97b281bcd45a775ba7b13f573cb45030df35e33b66e1dcef1daa0831bfa5bab9	track_a:final_prediction	current_file_verified_against_record
provenance_summary	/home/shanjinshuo/fno_kerr/kerr_project/outputs/benchmark_track_a_v1/phase_i_wave1_fno1d_20260912/train_t1200/run.json	03_track_a_benchmark/phase_i_wave1_fno1d_20260912/train_t1200/run.json	5491	441a543c0bd4dbedcce43d5c89bbe3156b46d0fc5aa3329e72d4ff168dc2cac0	track_a:provenance_summary	current_file_verified_against_record
provenance_summary	/home/shanjinshuo/fno_kerr/kerr_project/outputs/benchmark_track_a_v1/phase_i_wave1_fno1d_20260912/train_t1200/summary.json	03_track_a_benchmark/phase_i_wave1_fno1d_20260912/train_t1200/summary.json	100691	8673834acad990d7bb874d6a44230dedd7d6ee2c0990114d60afc64281ffd20b	track_a:provenance_summary	current_file_verified_against_record
provenance_summary	/home/shanjinshuo/fno_kerr/kerr_project/outputs/benchmark_track_a_v1/phase_i_wave1_fno1d_20260912/train_t2399/run.json	03_track_a_benchmark/phase_i_wave1_fno1d_20260912/train_t2399/run.json	5509	186f95d4f9557e3dce972c02dc781e05b1bdd51da920b1ce9d127b51101add7d	track_a:provenance_summary	current_file_verified_against_record
provenance_summary	/home/shanjinshuo/fno_kerr/kerr_project/outputs/benchmark_track_a_v1/phase_i_wave1_fno1d_20260912/train_t2399/summary.json	03_track_a_benchmark/phase_i_wave1_fno1d_20260912/train_t2399/summary.json	100723	0244a47c927a2b0e455b9e4a80903e0ec5ab8edaffe99fbfc8916ecddf6e695c	track_a:provenance_summary	current_file_verified_against_record
provenance_summary	/home/shanjinshuo/fno_kerr/kerr_project/outputs/benchmark_track_a_v1/phase_i_wave1_fno1d_20260912/wave_execution.json	03_track_a_benchmark/phase_i_wave1_fno1d_20260912/wave_execution.json	878	de1f81ca45addf1db3bd8f3e31e57914f2d9f944fbbfe96958ed6860f804ac41	track_a:provenance_summary	current_file_verified_against_record
provenance_summary	/home/shanjinshuo/fno_kerr/kerr_project/outputs/benchmark_track_a_v1/phase_i_wave1_fno1d_20260912/wave_summary.json	03_track_a_benchmark/phase_i_wave1_fno1d_20260912/wave_summary.json	12212	528f9de9c977a2dfb83334cb999619bcea2b7f710cb900cc0bb4a206d87266c6	track_a:provenance_summary	current_file_verified_against_record
metrics_metadata	/home/shanjinshuo/fno_kerr/kerr_project/outputs/benchmark_track_a_v1/phase_i_wave2_resnet_20260912/eval_t1200/matrix.json	03_track_a_benchmark/phase_i_wave2_resnet_20260912/eval_t1200/matrix.json	403065	8a9d5cfe27ac1c2d15c4c00cd50469836a7e888646d0dd5c685d0e7e9d48680d	track_a:metrics_metadata	current_file_verified_against_record
metrics_metadata	/home/shanjinshuo/fno_kerr/kerr_project/outputs/benchmark_track_a_v1/phase_i_wave2_resnet_20260912/eval_t1200/metrics_t1200.json	03_track_a_benchmark/phase_i_wave2_resnet_20260912/eval_t1200/metrics_t1200.json	86294	deae482da7fb1e15b0c26998b503854d553c9deebe9d1953afcccff9ac9f7dd6	track_a:metrics_metadata	current_file_verified_against_record
metrics_metadata	/home/shanjinshuo/fno_kerr/kerr_project/outputs/benchmark_track_a_v1/phase_i_wave2_resnet_20260912/eval_t1200/metrics_t2399.json	03_track_a_benchmark/phase_i_wave2_resnet_20260912/eval_t1200/metrics_t2399.json	86294	23008f1e8e3f4b444ca9ffbb553c13425ba1c47f31aa8e00ee2c909247408323	track_a:metrics_metadata	current_file_verified_against_record
metrics_metadata	/home/shanjinshuo/fno_kerr/kerr_project/outputs/benchmark_track_a_v1/phase_i_wave2_resnet_20260912/eval_t1200/metrics_t3598.json	03_track_a_benchmark/phase_i_wave2_resnet_20260912/eval_t1200/metrics_t3598.json	86284	6d7ca95100b7d7fb9834cb57c8a46b6217db959fc2ee8e779bf995cb1118425b	track_a:metrics_metadata	current_file_verified_against_record
metrics_metadata	/home/shanjinshuo/fno_kerr/kerr_project/outputs/benchmark_track_a_v1/phase_i_wave2_resnet_20260912/eval_t1200/metrics_t4797.json	03_track_a_benchmark/phase_i_wave2_resnet_20260912/eval_t1200/metrics_t4797.json	86295	c4c98d61b417ac321b0e9059bc138ee5e766c068cec28782aadcb68b00351605	track_a:metrics_metadata	current_file_verified_against_record
final_prediction	/home/shanjinshuo/fno_kerr/kerr_project/outputs/benchmark_track_a_v1/phase_i_wave2_resnet_20260912/eval_t1200/prediction_t1200.npz	03_track_a_benchmark/phase_i_wave2_resnet_20260912/eval_t1200/prediction_t1200.npz	5325827	be9d71090e810637b35db93dc9e8ad136cdd22b028190d07b584e9917b662da1	track_a:final_prediction	current_file_verified_against_record
final_prediction	/home/shanjinshuo/fno_kerr/kerr_project/outputs/benchmark_track_a_v1/phase_i_wave2_resnet_20260912/eval_t1200/prediction_t2399.npz	03_track_a_benchmark/phase_i_wave2_resnet_20260912/eval_t1200/prediction_t2399.npz	10576842	6f39d9638af146b3aa94dc73438ffa18654d37375c5e979dd0a5e1859c49ba7d	track_a:final_prediction	current_file_verified_against_record
final_prediction	/home/shanjinshuo/fno_kerr/kerr_project/outputs/benchmark_track_a_v1/phase_i_wave2_resnet_20260912/eval_t1200/prediction_t3598.npz	03_track_a_benchmark/phase_i_wave2_resnet_20260912/eval_t1200/prediction_t3598.npz	15700306	ac3e7a531d60138c09452bb46279decb99300dec057b0971879287938a8697f9	track_a:final_prediction	current_file_verified_against_record
final_prediction	/home/shanjinshuo/fno_kerr/kerr_project/outputs/benchmark_track_a_v1/phase_i_wave2_resnet_20260912/eval_t1200/prediction_t4797.npz	03_track_a_benchmark/phase_i_wave2_resnet_20260912/eval_t1200/prediction_t4797.npz	20806854	93edc3be3e92c467a64432d074b8dc55c79161f60098407abaab6123e9ca45fd	track_a:final_prediction	current_file_verified_against_record
metrics_metadata	/home/shanjinshuo/fno_kerr/kerr_project/outputs/benchmark_track_a_v1/phase_i_wave2_resnet_20260912/eval_t2399/matrix.json	03_track_a_benchmark/phase_i_wave2_resnet_20260912/eval_t2399/matrix.json	403060	c65b78b36efe68e74430f87bbb7a5a548a4a6fbd5e71622b551e1c2ae96f100d	track_a:metrics_metadata	current_file_verified_against_record
metrics_metadata	/home/shanjinshuo/fno_kerr/kerr_project/outputs/benchmark_track_a_v1/phase_i_wave2_resnet_20260912/eval_t2399/metrics_t1200.json	03_track_a_benchmark/phase_i_wave2_resnet_20260912/eval_t2399/metrics_t1200.json	86273	3cb60b7be8c30fc7224f380f84e84c474f83561686824fa6548e50869200f635	track_a:metrics_metadata	current_file_verified_against_record
metrics_metadata	/home/shanjinshuo/fno_kerr/kerr_project/outputs/benchmark_track_a_v1/phase_i_wave2_resnet_20260912/eval_t2399/metrics_t2399.json	03_track_a_benchmark/phase_i_wave2_resnet_20260912/eval_t2399/metrics_t2399.json	86306	b2eed8bef4496c46fa33598e4668c85d57c5ced917cebe3250ae3320b4ed4d22	track_a:metrics_metadata	current_file_verified_against_record
metrics_metadata	/home/shanjinshuo/fno_kerr/kerr_project/outputs/benchmark_track_a_v1/phase_i_wave2_resnet_20260912/eval_t2399/metrics_t3598.json	03_track_a_benchmark/phase_i_wave2_resnet_20260912/eval_t2399/metrics_t3598.json	86284	043f2bcf1d6aaaa282e35b5d0ab3c1c5510de936193acce4be91a1aaf380a772	track_a:metrics_metadata	current_file_verified_against_record
metrics_metadata	/home/shanjinshuo/fno_kerr/kerr_project/outputs/benchmark_track_a_v1/phase_i_wave2_resnet_20260912/eval_t2399/metrics_t4797.json	03_track_a_benchmark/phase_i_wave2_resnet_20260912/eval_t2399/metrics_t4797.json	86296	d877f548195589e1c98b117b039424a620d52ee6581d42ce72a62d780c80e194	track_a:metrics_metadata	current_file_verified_against_record
final_prediction	/home/shanjinshuo/fno_kerr/kerr_project/outputs/benchmark_track_a_v1/phase_i_wave2_resnet_20260912/eval_t2399/prediction_t1200.npz	03_track_a_benchmark/phase_i_wave2_resnet_20260912/eval_t2399/prediction_t1200.npz	5345451	43350b3c76737f949525c9304666a0506dc380ed3d4f9cb2ecb1ace1c53a7c59	track_a:final_prediction	current_file_verified_against_record
final_prediction	/home/shanjinshuo/fno_kerr/kerr_project/outputs/benchmark_track_a_v1/phase_i_wave2_resnet_20260912/eval_t2399/prediction_t2399.npz	03_track_a_benchmark/phase_i_wave2_resnet_20260912/eval_t2399/prediction_t2399.npz	10631245	28d2f19cffc1874c4013f667355fc4273d4788c772bf6f8fdd3c615ca890560b	track_a:final_prediction	current_file_verified_against_record
final_prediction	/home/shanjinshuo/fno_kerr/kerr_project/outputs/benchmark_track_a_v1/phase_i_wave2_resnet_20260912/eval_t2399/prediction_t3598.npz	03_track_a_benchmark/phase_i_wave2_resnet_20260912/eval_t2399/prediction_t3598.npz	15891262	767d8e054dad3a700a63f4da11470d094d1c2ceeecc87adf411816022488c3ce	track_a:final_prediction	current_file_verified_against_record
final_prediction	/home/shanjinshuo/fno_kerr/kerr_project/outputs/benchmark_track_a_v1/phase_i_wave2_resnet_20260912/eval_t2399/prediction_t4797.npz	03_track_a_benchmark/phase_i_wave2_resnet_20260912/eval_t2399/prediction_t4797.npz	21125331	bbb9d115fc1bd1080676d90e3a29177f5aea60222c92cd35d1c6b032cd034985	track_a:final_prediction	current_file_verified_against_record
provenance_summary	/home/shanjinshuo/fno_kerr/kerr_project/outputs/benchmark_track_a_v1/phase_i_wave2_resnet_20260912/train_t1200/run.json	03_track_a_benchmark/phase_i_wave2_resnet_20260912/train_t1200/run.json	5617	e9c1d9ee03b2cf4dacfd8ee638692ed92dd0cb17ed188addc0651d26048f9108	track_a:provenance_summary	current_file_verified_against_record
provenance_summary	/home/shanjinshuo/fno_kerr/kerr_project/outputs/benchmark_track_a_v1/phase_i_wave2_resnet_20260912/train_t1200/summary.json	03_track_a_benchmark/phase_i_wave2_resnet_20260912/train_t1200/summary.json	100818	3799c2b195700fb36515ffd5ab3901a94b6c53bb3fc68a43513d0f8968f7125d	track_a:provenance_summary	current_file_verified_against_record
provenance_summary	/home/shanjinshuo/fno_kerr/kerr_project/outputs/benchmark_track_a_v1/phase_i_wave2_resnet_20260912/train_t2399/run.json	03_track_a_benchmark/phase_i_wave2_resnet_20260912/train_t2399/run.json	5635	54b3875def3ca5e773d104f78a767b3ad7bfd920e71e3fcac80c6bd47e1d8ad1	track_a:provenance_summary	current_file_verified_against_record
provenance_summary	/home/shanjinshuo/fno_kerr/kerr_project/outputs/benchmark_track_a_v1/phase_i_wave2_resnet_20260912/train_t2399/summary.json	03_track_a_benchmark/phase_i_wave2_resnet_20260912/train_t2399/summary.json	100759	5151987b121a1c5a53ef871bd6647f52aad5cacada4ca0307ddf9dba71a80f27	track_a:provenance_summary	current_file_verified_against_record
provenance_summary	/home/shanjinshuo/fno_kerr/kerr_project/outputs/benchmark_track_a_v1/phase_i_wave2_resnet_20260912/wave_execution.json	03_track_a_benchmark/phase_i_wave2_resnet_20260912/wave_execution.json	8105	1a005285d810023e7128288ba748b90e5cb40cbc9ea9be5f9ee49d68364553c8	track_a:provenance_summary	current_file_verified_against_record
metrics_metadata	/home/shanjinshuo/fno_kerr/kerr_project/outputs/benchmark_track_a_v1/phase_i_wave3_timesnet_20260913/eval_t1200/matrix.json	03_track_a_benchmark/phase_i_wave3_timesnet_20260913/eval_t1200/matrix.json	403125	f95fe895ef92efcf6b42317df92a53c141a869953c0b73c2e384feda5d1f4144	track_a:metrics_metadata	current_file_verified_against_record
metrics_metadata	/home/shanjinshuo/fno_kerr/kerr_project/outputs/benchmark_track_a_v1/phase_i_wave3_timesnet_20260913/eval_t1200/metrics_t1200.json	03_track_a_benchmark/phase_i_wave3_timesnet_20260913/eval_t1200/metrics_t1200.json	86292	576c37e50b69575d9c5e9456177d526b3c316e6f5c7fb8f1a99d755bcd345079	track_a:metrics_metadata	current_file_verified_against_record
metrics_metadata	/home/shanjinshuo/fno_kerr/kerr_project/outputs/benchmark_track_a_v1/phase_i_wave3_timesnet_20260913/eval_t1200/metrics_t2399.json	03_track_a_benchmark/phase_i_wave3_timesnet_20260913/eval_t1200/metrics_t2399.json	86304	d192789faf03e880a739c838f1f2707209aa5e4c1f964c39b4fad4b9b5954e97	track_a:metrics_metadata	current_file_verified_against_record
metrics_metadata	/home/shanjinshuo/fno_kerr/kerr_project/outputs/benchmark_track_a_v1/phase_i_wave3_timesnet_20260913/eval_t1200/metrics_t3598.json	03_track_a_benchmark/phase_i_wave3_timesnet_20260913/eval_t1200/metrics_t3598.json	86308	61ada879c4f4f447e1abe1b8ecb19e0455272e700a16f00629910c0d136651d1	track_a:metrics_metadata	current_file_verified_against_record
metrics_metadata	/home/shanjinshuo/fno_kerr/kerr_project/outputs/benchmark_track_a_v1/phase_i_wave3_timesnet_20260913/eval_t1200/metrics_t4797.json	03_track_a_benchmark/phase_i_wave3_timesnet_20260913/eval_t1200/metrics_t4797.json	86303	693d60f98448c426271fda4e668556aac2e2480e79216818c33e82c2d01065a9	track_a:metrics_metadata	current_file_verified_against_record
final_prediction	/home/shanjinshuo/fno_kerr/kerr_project/outputs/benchmark_track_a_v1/phase_i_wave3_timesnet_20260913/eval_t1200/prediction_t1200.npz	03_track_a_benchmark/phase_i_wave3_timesnet_20260913/eval_t1200/prediction_t1200.npz	5325844	8a61f347ee683e725858372aedee34ba1ea20d89e42d7c7df4272e270e9dd98a	track_a:final_prediction	current_file_verified_against_record
final_prediction	/home/shanjinshuo/fno_kerr/kerr_project/outputs/benchmark_track_a_v1/phase_i_wave3_timesnet_20260913/eval_t1200/prediction_t2399.npz	03_track_a_benchmark/phase_i_wave3_timesnet_20260913/eval_t1200/prediction_t2399.npz	10629445	e03f344b74c2a1cd55cbf48cfcda4b73fc0323d364a9ba2ac1aef4e022274e3d	track_a:final_prediction	current_file_verified_against_record
final_prediction	/home/shanjinshuo/fno_kerr/kerr_project/outputs/benchmark_track_a_v1/phase_i_wave3_timesnet_20260913/eval_t1200/prediction_t3598.npz	03_track_a_benchmark/phase_i_wave3_timesnet_20260913/eval_t1200/prediction_t3598.npz	15916986	2b06416a5f559d0f2f44ed0506c6ef38982521f93ef53016a2c0f3cea0319fff	track_a:final_prediction	current_file_verified_against_record
final_prediction	/home/shanjinshuo/fno_kerr/kerr_project/outputs/benchmark_track_a_v1/phase_i_wave3_timesnet_20260913/eval_t1200/prediction_t4797.npz	03_track_a_benchmark/phase_i_wave3_timesnet_20260913/eval_t1200/prediction_t4797.npz	21183807	6f0a2ae77d8729802db3ca349debdc83a2e1fff0a8d59f7f97892a9032feeda0	track_a:final_prediction	current_file_verified_against_record
metrics_metadata	/home/shanjinshuo/fno_kerr/kerr_project/outputs/benchmark_track_a_v1/phase_i_wave3_timesnet_20260913/eval_t2399/matrix.json	03_track_a_benchmark/phase_i_wave3_timesnet_20260913/eval_t2399/matrix.json	403134	d3afa6eded5775a9df5b8352f0cb7cb8c2ae74a323207b4c8d2dd99e70590491	track_a:metrics_metadata	current_file_verified_against_record
metrics_metadata	/home/shanjinshuo/fno_kerr/kerr_project/outputs/benchmark_track_a_v1/phase_i_wave3_timesnet_20260913/eval_t2399/metrics_t1200.json	03_track_a_benchmark/phase_i_wave3_timesnet_20260913/eval_t2399/metrics_t1200.json	86295	fae23bb8f69e3f36ff1c109b4a4f8ca106bd1db509ae680d6a569665174613c7	track_a:metrics_metadata	current_file_verified_against_record
metrics_metadata	/home/shanjinshuo/fno_kerr/kerr_project/outputs/benchmark_track_a_v1/phase_i_wave3_timesnet_20260913/eval_t2399/metrics_t2399.json	03_track_a_benchmark/phase_i_wave3_timesnet_20260913/eval_t2399/metrics_t2399.json	86303	c09454eccb5748631404efaa286163fbc63c2b7bdddc83edb02a15bf46506081	track_a:metrics_metadata	current_file_verified_against_record
metrics_metadata	/home/shanjinshuo/fno_kerr/kerr_project/outputs/benchmark_track_a_v1/phase_i_wave3_timesnet_20260913/eval_t2399/metrics_t3598.json	03_track_a_benchmark/phase_i_wave3_timesnet_20260913/eval_t2399/metrics_t3598.json	86310	6b0c10deb20e46937104699003cb090590ec563fd47083897d40a3363cff11e1	track_a:metrics_metadata	current_file_verified_against_record
metrics_metadata	/home/shanjinshuo/fno_kerr/kerr_project/outputs/benchmark_track_a_v1/phase_i_wave3_timesnet_20260913/eval_t2399/metrics_t4797.json	03_track_a_benchmark/phase_i_wave3_timesnet_20260913/eval_t2399/metrics_t4797.json	86307	d94264e38e13332a9b818970ef2a0261f8e8a4631b9669cb05e0912292a06e4f	track_a:metrics_metadata	current_file_verified_against_record
final_prediction	/home/shanjinshuo/fno_kerr/kerr_project/outputs/benchmark_track_a_v1/phase_i_wave3_timesnet_20260913/eval_t2399/prediction_t1200.npz	03_track_a_benchmark/phase_i_wave3_timesnet_20260913/eval_t2399/prediction_t1200.npz	5326060	4371fb8bd59128ba48510ac1eb3426fa48c3bb3d98a57bea064b6a244b07483e	track_a:final_prediction	current_file_verified_against_record
final_prediction	/home/shanjinshuo/fno_kerr/kerr_project/outputs/benchmark_track_a_v1/phase_i_wave3_timesnet_20260913/eval_t2399/prediction_t2399.npz	03_track_a_benchmark/phase_i_wave3_timesnet_20260913/eval_t2399/prediction_t2399.npz	10631658	1a514622f94786b67a966b46ac5c9b8da45acc9f1ce6a13243b1cd9f0a111464	track_a:final_prediction	current_file_verified_against_record
final_prediction	/home/shanjinshuo/fno_kerr/kerr_project/outputs/benchmark_track_a_v1/phase_i_wave3_timesnet_20260913/eval_t2399/prediction_t3598.npz	03_track_a_benchmark/phase_i_wave3_timesnet_20260913/eval_t2399/prediction_t3598.npz	15918840	3ed0117153487578d2078312eec5fcabd3737536a0490fc59c1752c8945d04b6	track_a:final_prediction	current_file_verified_against_record
final_prediction	/home/shanjinshuo/fno_kerr/kerr_project/outputs/benchmark_track_a_v1/phase_i_wave3_timesnet_20260913/eval_t2399/prediction_t4797.npz	03_track_a_benchmark/phase_i_wave3_timesnet_20260913/eval_t2399/prediction_t4797.npz	21187223	d55b4674a4966528468d775f1b37723fd6a228462a35c896dfd089db33da452c	track_a:final_prediction	current_file_verified_against_record
provenance_summary	/home/shanjinshuo/fno_kerr/kerr_project/outputs/benchmark_track_a_v1/phase_i_wave3_timesnet_20260913/train_t1200/run.json	03_track_a_benchmark/phase_i_wave3_timesnet_20260913/train_t1200/run.json	5591	d7c4989de09634a24847f1fd3e63ff09774e9351cb94fbc57f83ac60fc925ae0	track_a:provenance_summary	current_file_verified_against_record
provenance_summary	/home/shanjinshuo/fno_kerr/kerr_project/outputs/benchmark_track_a_v1/phase_i_wave3_timesnet_20260913/train_t1200/summary.json	03_track_a_benchmark/phase_i_wave3_timesnet_20260913/train_t1200/summary.json	100672	d0cb2eeb071a3ed40fd5835b403ca9f14de34be2f9bba2c8d56c99ebec307f72	track_a:provenance_summary	current_file_verified_against_record
provenance_summary	/home/shanjinshuo/fno_kerr/kerr_project/outputs/benchmark_track_a_v1/phase_i_wave3_timesnet_20260913/train_t2399/run.json	03_track_a_benchmark/phase_i_wave3_timesnet_20260913/train_t2399/run.json	5609	b2a0281a36e50bc6937096fdaab88ee03424e02ce56fe7db73084eea76a0b9b8	track_a:provenance_summary	current_file_verified_against_record
provenance_summary	/home/shanjinshuo/fno_kerr/kerr_project/outputs/benchmark_track_a_v1/phase_i_wave3_timesnet_20260913/train_t2399/summary.json	03_track_a_benchmark/phase_i_wave3_timesnet_20260913/train_t2399/summary.json	100705	543c530764f6cf9a3cc42538f728deb248c559358abae2be9b95404619b0eb3c	track_a:provenance_summary	current_file_verified_against_record
provenance_summary	/home/shanjinshuo/fno_kerr/kerr_project/outputs/benchmark_track_a_v1/phase_i_wave3_timesnet_20260913/wave_execution.json	03_track_a_benchmark/phase_i_wave3_timesnet_20260913/wave_execution.json	20425	769342a7184661521e668d0b0a8d82f6322a2fd0dca812e9ab188987a0bd7208	track_a:provenance_summary	current_file_verified_against_record
metrics_metadata	/home/shanjinshuo/fno_kerr/kerr_project/outputs/benchmark_track_a_v1/phase_i_wave4_bilstm_20260913/eval_t1200/matrix.json	03_track_a_benchmark/phase_i_wave4_bilstm_20260913/eval_t1200/matrix.json	403079	46abe4d46c5453ba11f37415fc2d0b080fc4a2a42434d8613192c57901ccd065	track_a:metrics_metadata	current_file_verified_against_record
metrics_metadata	/home/shanjinshuo/fno_kerr/kerr_project/outputs/benchmark_track_a_v1/phase_i_wave4_bilstm_20260913/eval_t1200/metrics_t1200.json	03_track_a_benchmark/phase_i_wave4_bilstm_20260913/eval_t1200/metrics_t1200.json	86294	08dcdf2b752505ee79d4df92da6e574e2802f5c951c26daccb94063ac731523b	track_a:metrics_metadata	current_file_verified_against_record
metrics_metadata	/home/shanjinshuo/fno_kerr/kerr_project/outputs/benchmark_track_a_v1/phase_i_wave4_bilstm_20260913/eval_t1200/metrics_t2399.json	03_track_a_benchmark/phase_i_wave4_bilstm_20260913/eval_t1200/metrics_t2399.json	86285	7b52507fc81ca8bd3512911e08b93d63437b2dd7b8dc1450bf463a553a5bf149	track_a:metrics_metadata	current_file_verified_against_record
metrics_metadata	/home/shanjinshuo/fno_kerr/kerr_project/outputs/benchmark_track_a_v1/phase_i_wave4_bilstm_20260913/eval_t1200/metrics_t3598.json	03_track_a_benchmark/phase_i_wave4_bilstm_20260913/eval_t1200/metrics_t3598.json	86302	ca1cf34312e05744f260bed06961985ce5a7ffd0203851ee8bc8498bae3ead94	track_a:metrics_metadata	current_file_verified_against_record
metrics_metadata	/home/shanjinshuo/fno_kerr/kerr_project/outputs/benchmark_track_a_v1/phase_i_wave4_bilstm_20260913/eval_t1200/metrics_t4797.json	03_track_a_benchmark/phase_i_wave4_bilstm_20260913/eval_t1200/metrics_t4797.json	86303	44145ba0b706478dcaca3abc470a65811f4eb8bd3a02c5b97da156a5342836e1	track_a:metrics_metadata	current_file_verified_against_record
final_prediction	/home/shanjinshuo/fno_kerr/kerr_project/outputs/benchmark_track_a_v1/phase_i_wave4_bilstm_20260913/eval_t1200/prediction_t1200.npz	03_track_a_benchmark/phase_i_wave4_bilstm_20260913/eval_t1200/prediction_t1200.npz	5325833	819c93564e9d6c092478fa3ad2376601a4d632f7788b94ff01464804fdaf3baf	track_a:final_prediction	current_file_verified_against_record
final_prediction	/home/shanjinshuo/fno_kerr/kerr_project/outputs/benchmark_track_a_v1/phase_i_wave4_bilstm_20260913/eval_t1200/prediction_t2399.npz	03_track_a_benchmark/phase_i_wave4_bilstm_20260913/eval_t1200/prediction_t2399.npz	10616419	d718623e5456e64d9fb7e92c5ddc4d54df9961f89d1a489c2075aff35d98c264	track_a:final_prediction	current_file_verified_against_record
final_prediction	/home/shanjinshuo/fno_kerr/kerr_project/outputs/benchmark_track_a_v1/phase_i_wave4_bilstm_20260913/eval_t1200/prediction_t3598.npz	03_track_a_benchmark/phase_i_wave4_bilstm_20260913/eval_t1200/prediction_t3598.npz	15888807	fbe0de6508628ddfa2da33e2880c0bddb06a8b72f25ce6a1df9e15e6a1e33d2d	track_a:final_prediction	current_file_verified_against_record
final_prediction	/home/shanjinshuo/fno_kerr/kerr_project/outputs/benchmark_track_a_v1/phase_i_wave4_bilstm_20260913/eval_t1200/prediction_t4797.npz	03_track_a_benchmark/phase_i_wave4_bilstm_20260913/eval_t1200/prediction_t4797.npz	21136175	89863737e9c1a9933cb867e4b9d5a3b9787f0e2047829932ddaea791c4ab3a72	track_a:final_prediction	current_file_verified_against_record
metrics_metadata	/home/shanjinshuo/fno_kerr/kerr_project/outputs/benchmark_track_a_v1/phase_i_wave4_bilstm_20260913/eval_t2399/matrix.json	03_track_a_benchmark/phase_i_wave4_bilstm_20260913/eval_t2399/matrix.json	403076	0e550e1933cba39c79eca5afc368ed2ce76186f90144c677b4156b41c7372d3d	track_a:metrics_metadata	current_file_verified_against_record
metrics_metadata	/home/shanjinshuo/fno_kerr/kerr_project/outputs/benchmark_track_a_v1/phase_i_wave4_bilstm_20260913/eval_t2399/metrics_t1200.json	03_track_a_benchmark/phase_i_wave4_bilstm_20260913/eval_t2399/metrics_t1200.json	86280	e4670bd62ea28c11062c2c38361132bab5f7d1a08617a041197a2bf83bfc0dd7	track_a:metrics_metadata	current_file_verified_against_record
metrics_metadata	/home/shanjinshuo/fno_kerr/kerr_project/outputs/benchmark_track_a_v1/phase_i_wave4_bilstm_20260913/eval_t2399/metrics_t2399.json	03_track_a_benchmark/phase_i_wave4_bilstm_20260913/eval_t2399/metrics_t2399.json	86307	651a40b2d1788d7e1f20fd78c755f6453a5208523510d85b86123737ac228ac0	track_a:metrics_metadata	current_file_verified_against_record
metrics_metadata	/home/shanjinshuo/fno_kerr/kerr_project/outputs/benchmark_track_a_v1/phase_i_wave4_bilstm_20260913/eval_t2399/metrics_t3598.json	03_track_a_benchmark/phase_i_wave4_bilstm_20260913/eval_t2399/metrics_t3598.json	86293	462d345480d87851437334d72c3b971689fe8fb9c7d3b04f69474a4e8332599b	track_a:metrics_metadata	current_file_verified_against_record
metrics_metadata	/home/shanjinshuo/fno_kerr/kerr_project/outputs/benchmark_track_a_v1/phase_i_wave4_bilstm_20260913/eval_t2399/metrics_t4797.json	03_track_a_benchmark/phase_i_wave4_bilstm_20260913/eval_t2399/metrics_t4797.json	86294	e4290a2ba0f1ef5dc0825c2b0f4d819073eba6f989be6d2225634ef0e983ff02	track_a:metrics_metadata	current_file_verified_against_record
final_prediction	/home/shanjinshuo/fno_kerr/kerr_project/outputs/benchmark_track_a_v1/phase_i_wave4_bilstm_20260913/eval_t2399/prediction_t1200.npz	03_track_a_benchmark/phase_i_wave4_bilstm_20260913/eval_t2399/prediction_t1200.npz	5329483	ff42b6fc17d198919dea514d0e51a0c3abeb08fb0c7904823c5690c014985a4b	track_a:final_prediction	current_file_verified_against_record
final_prediction	/home/shanjinshuo/fno_kerr/kerr_project/outputs/benchmark_track_a_v1/phase_i_wave4_bilstm_20260913/eval_t2399/prediction_t2399.npz	03_track_a_benchmark/phase_i_wave4_bilstm_20260913/eval_t2399/prediction_t2399.npz	10632247	b4547d6a9498eb45e777214e2012998e2a470ec4c238019d88942f26e1a39c12	track_a:final_prediction	current_file_verified_against_record
final_prediction	/home/shanjinshuo/fno_kerr/kerr_project/outputs/benchmark_track_a_v1/phase_i_wave4_bilstm_20260913/eval_t2399/prediction_t3598.npz	03_track_a_benchmark/phase_i_wave4_bilstm_20260913/eval_t2399/prediction_t3598.npz	15918160	357b45a50db856c23ebc1513cd251253b70a1326038ad0d71a72b2d3ab6c6b7c	track_a:final_prediction	current_file_verified_against_record
final_prediction	/home/shanjinshuo/fno_kerr/kerr_project/outputs/benchmark_track_a_v1/phase_i_wave4_bilstm_20260913/eval_t2399/prediction_t4797.npz	03_track_a_benchmark/phase_i_wave4_bilstm_20260913/eval_t2399/prediction_t4797.npz	21189025	67fcc46a193f8fbd1f2e89443a67cb6a4e9ad4d7287e47b03b9db269500286cd	track_a:final_prediction	current_file_verified_against_record
provenance_summary	/home/shanjinshuo/fno_kerr/kerr_project/outputs/benchmark_track_a_v1/phase_i_wave4_bilstm_20260913/train_t1200/run.json	03_track_a_benchmark/phase_i_wave4_bilstm_20260913/train_t1200/run.json	5507	cf384ec47defa299f63484f284c55d58565f48eac14e384d18849dfb0805caf1	track_a:provenance_summary	current_file_verified_against_record
provenance_summary	/home/shanjinshuo/fno_kerr/kerr_project/outputs/benchmark_track_a_v1/phase_i_wave4_bilstm_20260913/train_t1200/summary.json	03_track_a_benchmark/phase_i_wave4_bilstm_20260913/train_t1200/summary.json	100619	8e4d1269686a51f662e25af32e95e35c2c528751c0ef358d50867b54ae34ebcd	track_a:provenance_summary	current_file_verified_against_record
provenance_summary	/home/shanjinshuo/fno_kerr/kerr_project/outputs/benchmark_track_a_v1/phase_i_wave4_bilstm_20260913/train_t2399/run.json	03_track_a_benchmark/phase_i_wave4_bilstm_20260913/train_t2399/run.json	5525	7e19f769af6af7d54b4b1a4ecae3067b9fe3e59875eff122338e5521dd445087	track_a:provenance_summary	current_file_verified_against_record
provenance_summary	/home/shanjinshuo/fno_kerr/kerr_project/outputs/benchmark_track_a_v1/phase_i_wave4_bilstm_20260913/train_t2399/summary.json	03_track_a_benchmark/phase_i_wave4_bilstm_20260913/train_t2399/summary.json	100684	93208a8df60c421d0b428f0aaa4ede984cf265b8c878e258afda27e033ad5936	track_a:provenance_summary	current_file_verified_against_record
provenance_summary	/home/shanjinshuo/fno_kerr/kerr_project/outputs/benchmark_track_a_v1/phase_i_wave4_bilstm_20260913/wave_execution.json	03_track_a_benchmark/phase_i_wave4_bilstm_20260913/wave_execution.json	399254	315537e5c3a0706117490361e999e0c405e1d39c50e8b1ba407d972b11f3aa8e	track_a:provenance_summary	current_file_verified_against_record
metrics_metadata	/home/shanjinshuo/fno_kerr/kerr_project/outputs/benchmark_track_a_v1/phase_i_wave5_transformer_20260913/eval_t1200/matrix.json	03_track_a_benchmark/phase_i_wave5_transformer_20260913/eval_t1200/matrix.json	403179	f549ed120a312085794d506a0765b3dcb298a5adba09e4bf8dbbe05a76753b96	track_a:metrics_metadata	current_file_verified_against_record
metrics_metadata	/home/shanjinshuo/fno_kerr/kerr_project/outputs/benchmark_track_a_v1/phase_i_wave5_transformer_20260913/eval_t1200/metrics_t1200.json	03_track_a_benchmark/phase_i_wave5_transformer_20260913/eval_t1200/metrics_t1200.json	86301	bcfbca6b3cbc68a3cdf83c1bd1c0205a5b9e9fa5ca3beda8b78df3dfac7e76fb	track_a:metrics_metadata	current_file_verified_against_record
metrics_metadata	/home/shanjinshuo/fno_kerr/kerr_project/outputs/benchmark_track_a_v1/phase_i_wave5_transformer_20260913/eval_t1200/metrics_t2399.json	03_track_a_benchmark/phase_i_wave5_transformer_20260913/eval_t1200/metrics_t2399.json	86310	6dc88519672289a56f4888d1828121edfce6739a469c963d8dc7927c7a17cd99	track_a:metrics_metadata	current_file_verified_against_record
metrics_metadata	/home/shanjinshuo/fno_kerr/kerr_project/outputs/benchmark_track_a_v1/phase_i_wave5_transformer_20260913/eval_t1200/metrics_t3598.json	03_track_a_benchmark/phase_i_wave5_transformer_20260913/eval_t1200/metrics_t3598.json	86315	385862957501677d7d6fce3d282087aafd3dff8e348b4e6ef12ccc73fa30e960	track_a:metrics_metadata	current_file_verified_against_record
metrics_metadata	/home/shanjinshuo/fno_kerr/kerr_project/outputs/benchmark_track_a_v1/phase_i_wave5_transformer_20260913/eval_t1200/metrics_t4797.json	03_track_a_benchmark/phase_i_wave5_transformer_20260913/eval_t1200/metrics_t4797.json	86315	8bc5972447aeec2376ae862b73084139d68c58c2f3426780c3c30c35b84883e7	track_a:metrics_metadata	current_file_verified_against_record
final_prediction	/home/shanjinshuo/fno_kerr/kerr_project/outputs/benchmark_track_a_v1/phase_i_wave5_transformer_20260913/eval_t1200/prediction_t1200.npz	03_track_a_benchmark/phase_i_wave5_transformer_20260913/eval_t1200/prediction_t1200.npz	5325712	1d306f88191c723679521392229dbf77d8217d26ee8ad9327b3558327c7ce267	track_a:final_prediction	current_file_verified_against_record
final_prediction	/home/shanjinshuo/fno_kerr/kerr_project/outputs/benchmark_track_a_v1/phase_i_wave5_transformer_20260913/eval_t1200/prediction_t2399.npz	03_track_a_benchmark/phase_i_wave5_transformer_20260913/eval_t1200/prediction_t2399.npz	10630864	0ac051f8f2b3eeb051865752b4e03f75578f0abf35fb744ce177d0e04bbc9d1f	track_a:final_prediction	current_file_verified_against_record
final_prediction	/home/shanjinshuo/fno_kerr/kerr_project/outputs/benchmark_track_a_v1/phase_i_wave5_transformer_20260913/eval_t1200/prediction_t3598.npz	03_track_a_benchmark/phase_i_wave5_transformer_20260913/eval_t1200/prediction_t3598.npz	15918121	cfc0663d615018fe2dcc80b52cd1fd8191e684040e90dba007be5a2427479071	track_a:final_prediction	current_file_verified_against_record
final_prediction	/home/shanjinshuo/fno_kerr/kerr_project/outputs/benchmark_track_a_v1/phase_i_wave5_transformer_20260913/eval_t1200/prediction_t4797.npz	03_track_a_benchmark/phase_i_wave5_transformer_20260913/eval_t1200/prediction_t4797.npz	21184361	16885f0b6137ea85882c005b79fc624e3e10d349fc2c0fa73041f800a22105ca	track_a:final_prediction	current_file_verified_against_record
metrics_metadata	/home/shanjinshuo/fno_kerr/kerr_project/outputs/benchmark_track_a_v1/phase_i_wave5_transformer_20260913/eval_t2399/matrix.json	03_track_a_benchmark/phase_i_wave5_transformer_20260913/eval_t2399/matrix.json	403156	f6acfbec79f8d0859a49a33a422f0ec8593db5f786b8ff770048edc8125eb11f	track_a:metrics_metadata	current_file_verified_against_record
metrics_metadata	/home/shanjinshuo/fno_kerr/kerr_project/outputs/benchmark_track_a_v1/phase_i_wave5_transformer_20260913/eval_t2399/metrics_t1200.json	03_track_a_benchmark/phase_i_wave5_transformer_20260913/eval_t2399/metrics_t1200.json	86295	583a03464fe606da4ccbe4a2050fd2eea21875ee7975d137aab7ab1a8a74584f	track_a:metrics_metadata	current_file_verified_against_record
metrics_metadata	/home/shanjinshuo/fno_kerr/kerr_project/outputs/benchmark_track_a_v1/phase_i_wave5_transformer_20260913/eval_t2399/metrics_t2399.json	03_track_a_benchmark/phase_i_wave5_transformer_20260913/eval_t2399/metrics_t2399.json	86307	c595da754e4c3896fc8ed8a77506a3da89d0ebe593b9f4628df423410ec50fd7	track_a:metrics_metadata	current_file_verified_against_record
metrics_metadata	/home/shanjinshuo/fno_kerr/kerr_project/outputs/benchmark_track_a_v1/phase_i_wave5_transformer_20260913/eval_t2399/metrics_t3598.json	03_track_a_benchmark/phase_i_wave5_transformer_20260913/eval_t2399/metrics_t3598.json	86307	7baa7015f31d43814a6620f6d167c552e1ea457ecfde3d7ad31f54078b8bb5bf	track_a:metrics_metadata	current_file_verified_against_record
metrics_metadata	/home/shanjinshuo/fno_kerr/kerr_project/outputs/benchmark_track_a_v1/phase_i_wave5_transformer_20260913/eval_t2399/metrics_t4797.json	03_track_a_benchmark/phase_i_wave5_transformer_20260913/eval_t2399/metrics_t4797.json	86310	4643049a92d1284307185d68d5a5a7b568ac243d72468789a84fe1307e610907	track_a:metrics_metadata	current_file_verified_against_record
final_prediction	/home/shanjinshuo/fno_kerr/kerr_project/outputs/benchmark_track_a_v1/phase_i_wave5_transformer_20260913/eval_t2399/prediction_t1200.npz	03_track_a_benchmark/phase_i_wave5_transformer_20260913/eval_t2399/prediction_t1200.npz	5327137	6f949f8af37d4f546cf8469f4f1db69050d319df0c328674a5aa87610b68f2b2	track_a:final_prediction	current_file_verified_against_record
final_prediction	/home/shanjinshuo/fno_kerr/kerr_project/outputs/benchmark_track_a_v1/phase_i_wave5_transformer_20260913/eval_t2399/prediction_t2399.npz	03_track_a_benchmark/phase_i_wave5_transformer_20260913/eval_t2399/prediction_t2399.npz	10632738	03c8b2dbe68117f4e601342aa7a00c8e67ca0fb603b0a3a43235dfd8aa7e0e5b	track_a:final_prediction	current_file_verified_against_record
final_prediction	/home/shanjinshuo/fno_kerr/kerr_project/outputs/benchmark_track_a_v1/phase_i_wave5_transformer_20260913/eval_t2399/prediction_t3598.npz	03_track_a_benchmark/phase_i_wave5_transformer_20260913/eval_t2399/prediction_t3598.npz	15920931	ebea16084174618eaa01f888727608eb4a7184fc6b0c89eb470d617904c4df0d	track_a:final_prediction	current_file_verified_against_record
final_prediction	/home/shanjinshuo/fno_kerr/kerr_project/outputs/benchmark_track_a_v1/phase_i_wave5_transformer_20260913/eval_t2399/prediction_t4797.npz	03_track_a_benchmark/phase_i_wave5_transformer_20260913/eval_t2399/prediction_t4797.npz	21188431	ff0263565730dbd5acee441de67ccee1c6c1515c614e8bed81db423e8d3993bb	track_a:final_prediction	current_file_verified_against_record
provenance_summary	/home/shanjinshuo/fno_kerr/kerr_project/outputs/benchmark_track_a_v1/phase_i_wave5_transformer_20260913/train_t1200/run.json	03_track_a_benchmark/phase_i_wave5_transformer_20260913/train_t1200/run.json	5553	51ea0934b2fe9fbd2251df8bb6874cf315b05e24072077a87c103e074dca91e3	track_a:provenance_summary	current_file_verified_against_record
provenance_summary	/home/shanjinshuo/fno_kerr/kerr_project/outputs/benchmark_track_a_v1/phase_i_wave5_transformer_20260913/train_t1200/summary.json	03_track_a_benchmark/phase_i_wave5_transformer_20260913/train_t1200/summary.json	100049	9abaff1eb5af3fd4db534b4d8d7078f01908d9e5d40cdc0fbf6fcee7cc997245	track_a:provenance_summary	current_file_verified_against_record
provenance_summary	/home/shanjinshuo/fno_kerr/kerr_project/outputs/benchmark_track_a_v1/phase_i_wave5_transformer_20260913/train_t2399/run.json	03_track_a_benchmark/phase_i_wave5_transformer_20260913/train_t2399/run.json	5571	ba8aaf561c8d87924c99dc9d24a648f5e7c07f60b66de9ef588d7a8dceff34d7	track_a:provenance_summary	current_file_verified_against_record
provenance_summary	/home/shanjinshuo/fno_kerr/kerr_project/outputs/benchmark_track_a_v1/phase_i_wave5_transformer_20260913/train_t2399/summary.json	03_track_a_benchmark/phase_i_wave5_transformer_20260913/train_t2399/summary.json	100046	2e323a1c0775fc5a92a649684d97ef91f2680c67ee582ba5792b20d8eb404de0	track_a:provenance_summary	current_file_verified_against_record
provenance_summary	/home/shanjinshuo/fno_kerr/kerr_project/outputs/benchmark_track_a_v1/phase_i_wave5_transformer_20260913/wave_execution.json	03_track_a_benchmark/phase_i_wave5_transformer_20260913/wave_execution.json	408338	07f1f6f996d5c73ec18d8a49b48f957bf2c30ac15e4c59f72d6630262813b84f	track_a:provenance_summary	current_file_verified_against_record
metrics_metadata	/home/shanjinshuo/fno_kerr/kerr_project/outputs/benchmark_track_a_v1/phase_i_wave6_deeponet_20260913/eval_t1200/matrix.json	03_track_a_benchmark/phase_i_wave6_deeponet_20260913/eval_t1200/matrix.json	403130	951e18ff08877d3694776b60b28049302c1c2ac33b70fdbcb06c704c1b3fc24f	track_a:metrics_metadata	computed_during_inventory
metrics_metadata	/home/shanjinshuo/fno_kerr/kerr_project/outputs/benchmark_track_a_v1/phase_i_wave6_deeponet_20260913/eval_t1200/metrics_t1200.json	03_track_a_benchmark/phase_i_wave6_deeponet_20260913/eval_t1200/metrics_t1200.json	86290	7dc8eb19a782c09d82d30845ad9798575f9fa71c11fce0ce3546d1122fd64939	track_a:metrics_metadata	computed_during_inventory
metrics_metadata	/home/shanjinshuo/fno_kerr/kerr_project/outputs/benchmark_track_a_v1/phase_i_wave6_deeponet_20260913/eval_t1200/metrics_t2399.json	03_track_a_benchmark/phase_i_wave6_deeponet_20260913/eval_t1200/metrics_t2399.json	86299	b2a915316d122e49323f8947886a1472434182ac427fb9ced9fff9195e90f59b	track_a:metrics_metadata	computed_during_inventory
metrics_metadata	/home/shanjinshuo/fno_kerr/kerr_project/outputs/benchmark_track_a_v1/phase_i_wave6_deeponet_20260913/eval_t1200/metrics_t3598.json	03_track_a_benchmark/phase_i_wave6_deeponet_20260913/eval_t1200/metrics_t3598.json	86305	f0663c9be023f1a59dc9be0be27e2d56d68852c04c7b9df4e95252d08bbeb701	track_a:metrics_metadata	computed_during_inventory
metrics_metadata	/home/shanjinshuo/fno_kerr/kerr_project/outputs/benchmark_track_a_v1/phase_i_wave6_deeponet_20260913/eval_t1200/metrics_t4797.json	03_track_a_benchmark/phase_i_wave6_deeponet_20260913/eval_t1200/metrics_t4797.json	86306	98fac46c60cd850be166a115f49d15a256c2dc51a73ac8fcf9432c0e90f43f51	track_a:metrics_metadata	computed_during_inventory
final_prediction	/home/shanjinshuo/fno_kerr/kerr_project/outputs/benchmark_track_a_v1/phase_i_wave6_deeponet_20260913/eval_t1200/prediction_t1200.npz	03_track_a_benchmark/phase_i_wave6_deeponet_20260913/eval_t1200/prediction_t1200.npz	5325998	563c9cfce89b071711cc525ef055e46d98e4ab23150a51e6d0262b48d6dc2b9f	track_a:final_prediction	computed_during_inventory
final_prediction	/home/shanjinshuo/fno_kerr/kerr_project/outputs/benchmark_track_a_v1/phase_i_wave6_deeponet_20260913/eval_t1200/prediction_t2399.npz	03_track_a_benchmark/phase_i_wave6_deeponet_20260913/eval_t1200/prediction_t2399.npz	10630508	2150b1fe70ee16f4c42e8831c56a7de34f88d72457e2835a30eb658dd7dfc65f	track_a:final_prediction	computed_during_inventory
final_prediction	/home/shanjinshuo/fno_kerr/kerr_project/outputs/benchmark_track_a_v1/phase_i_wave6_deeponet_20260913/eval_t1200/prediction_t3598.npz	03_track_a_benchmark/phase_i_wave6_deeponet_20260913/eval_t1200/prediction_t3598.npz	15917899	8892d806505a9ab0a37371aa5b86e4d490f800969a3829199bc7e03bec19791c	track_a:final_prediction	computed_during_inventory
final_prediction	/home/shanjinshuo/fno_kerr/kerr_project/outputs/benchmark_track_a_v1/phase_i_wave6_deeponet_20260913/eval_t1200/prediction_t4797.npz	03_track_a_benchmark/phase_i_wave6_deeponet_20260913/eval_t1200/prediction_t4797.npz	21184044	833de7e45458f3a5105a80c8c1af089cd3c26bccd20b9e4c8058b455aa3c34f6	track_a:final_prediction	computed_during_inventory
metrics_metadata	/home/shanjinshuo/fno_kerr/kerr_project/outputs/benchmark_track_a_v1/phase_i_wave6_deeponet_20260913/eval_t2399/matrix.json	03_track_a_benchmark/phase_i_wave6_deeponet_20260913/eval_t2399/matrix.json	403118	45f4a572efc38c0ec6c4b7116b51bc076a9a06a591ae57e8b99cd27406788c42	track_a:metrics_metadata	computed_during_inventory
metrics_metadata	/home/shanjinshuo/fno_kerr/kerr_project/outputs/benchmark_track_a_v1/phase_i_wave6_deeponet_20260913/eval_t2399/metrics_t1200.json	03_track_a_benchmark/phase_i_wave6_deeponet_20260913/eval_t2399/metrics_t1200.json	86286	c5e5a0aa69b055cb0e9c17ab054ed66164f38282a0a82d0dcaa6c2a7d9d96873	track_a:metrics_metadata	computed_during_inventory
metrics_metadata	/home/shanjinshuo/fno_kerr/kerr_project/outputs/benchmark_track_a_v1/phase_i_wave6_deeponet_20260913/eval_t2399/metrics_t2399.json	03_track_a_benchmark/phase_i_wave6_deeponet_20260913/eval_t2399/metrics_t2399.json	86299	c81b286ade0977672ef2c0fefa8c93e4843c79c1e14b8e945680c66fa996777e	track_a:metrics_metadata	computed_during_inventory
metrics_metadata	/home/shanjinshuo/fno_kerr/kerr_project/outputs/benchmark_track_a_v1/phase_i_wave6_deeponet_20260913/eval_t2399/metrics_t3598.json	03_track_a_benchmark/phase_i_wave6_deeponet_20260913/eval_t2399/metrics_t3598.json	86303	4d869cb1e7165a46a0fa1ece7f3f46b61322a51c1c24df619269654b382318b3	track_a:metrics_metadata	computed_during_inventory
metrics_metadata	/home/shanjinshuo/fno_kerr/kerr_project/outputs/benchmark_track_a_v1/phase_i_wave6_deeponet_20260913/eval_t2399/metrics_t4797.json	03_track_a_benchmark/phase_i_wave6_deeponet_20260913/eval_t2399/metrics_t4797.json	86303	4828a2c17702c25f9f047bf39b8bf02ee88b6ce8e562967fb35e643153ce44d8	track_a:metrics_metadata	computed_during_inventory
final_prediction	/home/shanjinshuo/fno_kerr/kerr_project/outputs/benchmark_track_a_v1/phase_i_wave6_deeponet_20260913/eval_t2399/prediction_t1200.npz	03_track_a_benchmark/phase_i_wave6_deeponet_20260913/eval_t2399/prediction_t1200.npz	5325582	857a3d849a1b87e6a8b5dd49766e9cef0f23b290cead78d5504038ebe348e71d	track_a:final_prediction	computed_during_inventory
final_prediction	/home/shanjinshuo/fno_kerr/kerr_project/outputs/benchmark_track_a_v1/phase_i_wave6_deeponet_20260913/eval_t2399/prediction_t2399.npz	03_track_a_benchmark/phase_i_wave6_deeponet_20260913/eval_t2399/prediction_t2399.npz	10630587	fb7ff1ba7684f87f9fe154d9ea11da383435b8d138c03cbfc31f2dcd429fa61a	track_a:final_prediction	computed_during_inventory
final_prediction	/home/shanjinshuo/fno_kerr/kerr_project/outputs/benchmark_track_a_v1/phase_i_wave6_deeponet_20260913/eval_t2399/prediction_t3598.npz	03_track_a_benchmark/phase_i_wave6_deeponet_20260913/eval_t2399/prediction_t3598.npz	15918187	b41e6848b80b09b554b9b42a87082d23a3fe671b3ecd0a23de88a2d3fe64f5b2	track_a:final_prediction	computed_during_inventory
final_prediction	/home/shanjinshuo/fno_kerr/kerr_project/outputs/benchmark_track_a_v1/phase_i_wave6_deeponet_20260913/eval_t2399/prediction_t4797.npz	03_track_a_benchmark/phase_i_wave6_deeponet_20260913/eval_t2399/prediction_t4797.npz	21184401	d1d0e500d884730ca0a79361e1bab8432125f9d8b47dfaaecd6224c09851e181	track_a:final_prediction	computed_during_inventory
provenance_summary	/home/shanjinshuo/fno_kerr/kerr_project/outputs/benchmark_track_a_v1/phase_i_wave6_deeponet_20260913/train_t1200/run.json	03_track_a_benchmark/phase_i_wave6_deeponet_20260913/train_t1200/run.json	5509	c76393bbdd61704f31096eba212a7d8a6c2255141118186c89ca456860b58870	track_a:provenance_summary	computed_during_inventory
provenance_summary	/home/shanjinshuo/fno_kerr/kerr_project/outputs/benchmark_track_a_v1/phase_i_wave6_deeponet_20260913/train_t1200/summary.json	03_track_a_benchmark/phase_i_wave6_deeponet_20260913/train_t1200/summary.json	100163	5449f6707bd49bd3a4b16846719faf056edfba896867db8ddf883b07f29116ca	track_a:provenance_summary	computed_during_inventory
provenance_summary	/home/shanjinshuo/fno_kerr/kerr_project/outputs/benchmark_track_a_v1/phase_i_wave6_deeponet_20260913/train_t2399/run.json	03_track_a_benchmark/phase_i_wave6_deeponet_20260913/train_t2399/run.json	5527	4d9916188b6658560e7123043dbf2fe2bf066fb3813fddacd3d9a71e968658c5	track_a:provenance_summary	computed_during_inventory
provenance_summary	/home/shanjinshuo/fno_kerr/kerr_project/outputs/benchmark_track_a_v1/phase_i_wave6_deeponet_20260913/train_t2399/summary.json	03_track_a_benchmark/phase_i_wave6_deeponet_20260913/train_t2399/summary.json	99903	e59820a3d29e927939d48189f219a24d9fed879c97f49baf7810d3e468b2c7f6	track_a:provenance_summary	computed_during_inventory
provenance_summary	/home/shanjinshuo/fno_kerr/kerr_project/outputs/benchmark_track_a_v1/phase_i_wave6_deeponet_20260913/wave_execution.json	03_track_a_benchmark/phase_i_wave6_deeponet_20260913/wave_execution.json	418786	011bca141106f7df225c054cfbea346e7fa6bd09aa4ee0c7ca0852255ac8f8d3	track_a:provenance_summary	computed_during_inventory
best_checkpoint	/home/shanjinshuo/fno_kerr/kerr_project/outputs/q_1p6-3_n2000_t1200/fno2d_m16x32_w64_d4_e500/checkpoints/best_model.pt	04_best_checkpoints/plan_b/theta1200/best_model.pt	402989986	db5cb795af32a91a24ef61c0b87e07fa7352be62201dfa8ca834dd31b5d63b33	plan_b:best_checkpoint	computed_during_inventory
best_checkpoint	/home/shanjinshuo/fno_kerr/kerr_project/outputs/plan_b_bidirectional_t1200_t2399/training/checkpoints/best_model.pt	04_best_checkpoints/plan_b/theta2399/best_model.pt	402989922	97ca9fdbd9044e617e251c0c7b80c7cc2089530ff259ac5854cc616b2c7f8745	plan_b:best_checkpoint	computed_during_inventory
best_checkpoint	/home/shanjinshuo/fno_kerr/kerr_project/outputs/benchmark_track_a_v1/phase_i_wave1_fno1d_20260912/train_t1200/best_model.pt	04_best_checkpoints/track_a/phase_i_wave1_fno1d_20260912/train_t1200/best_model.pt	4291732	11ccbebf1d0fd68c57d0895685adeb7d1386da723242ee8271b18286ebbb7ff1	track_a:best_checkpoint	current_file_verified_against_record
best_checkpoint	/home/shanjinshuo/fno_kerr/kerr_project/outputs/benchmark_track_a_v1/phase_i_wave1_fno1d_20260912/train_t2399/best_model.pt	04_best_checkpoints/track_a/phase_i_wave1_fno1d_20260912/train_t2399/best_model.pt	4291796	1b226b5f62d2f931401a8aefe3794d0b95234acbed0c4b20a6b9c483852eb1f1	track_a:best_checkpoint	current_file_verified_against_record
best_checkpoint	/home/shanjinshuo/fno_kerr/kerr_project/outputs/benchmark_track_a_v1/phase_i_wave2_resnet_20260912/train_t1200/best_model.pt	04_best_checkpoints/track_a/phase_i_wave2_resnet_20260912/train_t1200/best_model.pt	4405440	aeee49cf033a304e2fd07a8ef5e45297cbc634d6904cf00787af7c1410f83270	track_a:best_checkpoint	current_file_verified_against_record
best_checkpoint	/home/shanjinshuo/fno_kerr/kerr_project/outputs/benchmark_track_a_v1/phase_i_wave2_resnet_20260912/train_t2399/best_model.pt	04_best_checkpoints/track_a/phase_i_wave2_resnet_20260912/train_t2399/best_model.pt	4405504	12e0cf0c8e8294652bf2a011d605aaf37dd3ff6d2024a196d00371f06007d712	track_a:best_checkpoint	current_file_verified_against_record
best_checkpoint	/home/shanjinshuo/fno_kerr/kerr_project/outputs/benchmark_track_a_v1/phase_i_wave3_timesnet_20260913/train_t1200/best_model.pt	04_best_checkpoints/track_a/phase_i_wave3_timesnet_20260913/train_t1200/best_model.pt	4324406	3b69a9408dc7f3a60b9746a26ecf8c53ba0f9a91bb21839ca793abd897a73ea4	track_a:best_checkpoint	current_file_verified_against_record
best_checkpoint	/home/shanjinshuo/fno_kerr/kerr_project/outputs/benchmark_track_a_v1/phase_i_wave3_timesnet_20260913/train_t2399/best_model.pt	04_best_checkpoints/track_a/phase_i_wave3_timesnet_20260913/train_t2399/best_model.pt	4324406	9beec9fdf4b3359619039dc8004b667e3e416036db978fcbe62c92f27e656794	track_a:best_checkpoint	current_file_verified_against_record
best_checkpoint	/home/shanjinshuo/fno_kerr/kerr_project/outputs/benchmark_track_a_v1/phase_i_wave4_bilstm_20260913/train_t1200/best_model.pt	04_best_checkpoints/track_a/phase_i_wave4_bilstm_20260913/train_t1200/best_model.pt	4384736	c4ca47bae8d068137685cbdb5cca853a85a210e5c610b84c81c821d4148c8fd6	track_a:best_checkpoint	current_file_verified_against_record
best_checkpoint	/home/shanjinshuo/fno_kerr/kerr_project/outputs/benchmark_track_a_v1/phase_i_wave4_bilstm_20260913/train_t2399/best_model.pt	04_best_checkpoints/track_a/phase_i_wave4_bilstm_20260913/train_t2399/best_model.pt	4384736	ab47bfadf48bfb4efc8570bd32ca75d2e4482adc47c981863dd468150f8450f7	track_a:best_checkpoint	current_file_verified_against_record
best_checkpoint	/home/shanjinshuo/fno_kerr/kerr_project/outputs/benchmark_track_a_v1/phase_i_wave5_transformer_20260913/train_t1200/best_model.pt	04_best_checkpoints/track_a/phase_i_wave5_transformer_20260913/train_t1200/best_model.pt	4366338	d3c62d0ff2936553719a7312d09796cb6eafb3d4e9ad7367c7a111ac56e43b84	track_a:best_checkpoint	current_file_verified_against_record
best_checkpoint	/home/shanjinshuo/fno_kerr/kerr_project/outputs/benchmark_track_a_v1/phase_i_wave5_transformer_20260913/train_t2399/best_model.pt	04_best_checkpoints/track_a/phase_i_wave5_transformer_20260913/train_t2399/best_model.pt	4366402	51dc8ebb0f2db278bac0d044416d1937039bde105da754eba59327ad8d9a6852	track_a:best_checkpoint	current_file_verified_against_record
best_checkpoint	/home/shanjinshuo/fno_kerr/kerr_project/outputs/benchmark_track_a_v1/phase_i_wave6_deeponet_20260913/train_t1200/best_model.pt	04_best_checkpoints/track_a/phase_i_wave6_deeponet_20260913/train_t1200/best_model.pt	4354839	1be54bf1f097bb423b6884f8decf7a0c3abfed0d7e3431afa5fe7daf002311d6	track_a:best_checkpoint	current_file_verified_against_record
best_checkpoint	/home/shanjinshuo/fno_kerr/kerr_project/outputs/benchmark_track_a_v1/phase_i_wave6_deeponet_20260913/train_t2399/best_model.pt	04_best_checkpoints/track_a/phase_i_wave6_deeponet_20260913/train_t2399/best_model.pt	4354903	b51be9e17f0a05c014a072f6afc7a06946feaf86d5eb8ef96f0d47f3796e6caa	track_a:best_checkpoint	current_file_verified_against_record
delivery_metadata	/home/shanjinshuo/fno_kerr/kerr_project/reports/cross_resolution_inventory_20260920/DATASET_INVENTORY.json	05_docs/DATASET_INVENTORY.json	18366	cdcce7c7c34653c30cb407ba923033ab2ab2f1bdb2e8645e4559544b1f464f08	audited dataset schemas and relationships	small_text_hashed_during_package_preparation
protocol	/home/shanjinshuo/fno_kerr/kerr_project/FNO_KERR_EXPERIMENT_PLAN.md	05_docs/FNO_KERR_EXPERIMENT_PLAN.md	37018	a87bb1ce7b3ecd880e50efd7db17d8112a7ef888d145636919b8d1e6ee42577c	documentation:protocol	computed_during_inventory
delivery_metadata	/home/shanjinshuo/fno_kerr/kerr_project/reports/cross_resolution_inventory_20260920/MENTOR_PACKAGE_README.md	README.md	9212	9e50e66f1fafadec701cf4f60232a8ae4aec50f1743e2cd59d1a19f2ecac3638	final mentor research overview	small_text_hashed_during_package_preparation
delivery_metadata	/home/shanjinshuo/fno_kerr/kerr_project/reports/cross_resolution_inventory_20260920/MENTOR_PACKAGE_ASSET_MANIFEST.csv	ASSET_MANIFEST.csv	76307	59f751d11cb73e798d8cc28b3277b43bccb74655085d28acaea25dc950297c8a	final package catalog	small_text_hashed_during_package_preparation
delivery_metadata	/home/shanjinshuo/fno_kerr/kerr_project/reports/cross_resolution_inventory_20260920/MENTOR_PACKAGE_ASSET_MANIFEST.json	ASSET_MANIFEST.json	119362	166b7ad1b01c98b18278b9e7cae3247c4a2f33040eb4d44f9b7c89ee3bca2ee1	final package catalog	small_text_hashed_during_package_preparation
delivery_metadata	/home/shanjinshuo/fno_kerr/kerr_project/reports/cross_resolution_inventory_20260920/MENTOR_PACKAGE_SHA256SUMS.txt	SHA256SUMS.txt	31556	8a1d120652d36eb8627acf23bf09aadc2e9d73cd93c99c2c6bf154fd4ae0c8fb	final package catalog	small_text_hashed_during_package_preparation
