asset_id,logical_name,scientific_stage,asset_type,absolute_path,relative_repo_path,exists,size_bytes,file_count,sha256,formal_or_development,used_by,canonical_source,duplicate_group,proposed_upload_class,reason,notes,shared_asset,development_benchmark,untouched_final_confirmation
asset_0001,FNO_KERR_CURRENT_STATE.md,Plan_A,research_record,/home/shanjinshuo/fno_kerr/kerr_project/FNO_KERR_CURRENT_STATE.md,FNO_KERR_CURRENT_STATE.md,True,138412,1,de33904f76a3060443913a1b75c857143525a96e007489fc5174ed21c27b0f64,Git/code-derived,"[""A0"", ""R0"", ""M1"", ""M2"", ""M3"", ""M4a"", ""M4b"", ""original_design_audit"", ""R1"", ""R2"", ""R3""]",/home/shanjinshuo/fno_kerr/kerr_project/FNO_KERR_CURRENT_STATE.md,,INDEX_ONLY,Reference the Git-tracked source or scientific record at the recorded commit; do not duplicate source into the external data package.,[],False,False,False
asset_0002,FNO_KERR_EXPERIMENT_PLAN.md,Plan_A,research_record,/home/shanjinshuo/fno_kerr/kerr_project/FNO_KERR_EXPERIMENT_PLAN.md,FNO_KERR_EXPERIMENT_PLAN.md,True,37018,1,a87bb1ce7b3ecd880e50efd7db17d8112a7ef888d145636919b8d1e6ee42577c,Git/code-derived,"[""A0"", ""R0"", ""M1"", ""M2"", ""M3"", ""M4a"", ""M4b"", ""original_design_audit"", ""R1"", ""R2"", ""R3""]",/home/shanjinshuo/fno_kerr/kerr_project/FNO_KERR_EXPERIMENT_PLAN.md,,INDEX_ONLY,Reference the Git-tracked source or scientific record at the recorded commit; do not duplicate source into the external data package.,[],False,False,False
asset_0003,FNO_KERR_REASONING_LOG.md,Plan_A,research_record,/home/shanjinshuo/fno_kerr/kerr_project/FNO_KERR_REASONING_LOG.md,FNO_KERR_REASONING_LOG.md,True,96733,1,2077b626d5744b6a08b1ccabe0ea6baf61d826fa3ee9626ef30ce0cea4e84692,Git/code-derived,"[""A0"", ""R0"", ""M1"", ""M2"", ""M3"", ""M4a"", ""M4b"", ""original_design_audit"", ""R1"", ""R2"", ""R3""]",/home/shanjinshuo/fno_kerr/kerr_project/FNO_KERR_REASONING_LOG.md,,INDEX_ONLY,Reference the Git-tracked source or scientific record at the recorded commit; do not duplicate source into the external data package.,[],False,False,False
asset_0004,SERVER_DATA_EXPERIMENT_REGISTRY.md,Plan_A,research_record,/home/shanjinshuo/fno_kerr/kerr_project/SERVER_DATA_EXPERIMENT_REGISTRY.md,SERVER_DATA_EXPERIMENT_REGISTRY.md,True,62945,1,7366056603c4a2a52edb69445f9ff3052c6f91cf99c79529dd7040f77d13703b,Git/code-derived,"[""A0"", ""R0"", ""M1"", ""M2"", ""M3"", ""M4a"", ""M4b"", ""original_design_audit"", ""R1"", ""R2"", ""R3""]",/home/shanjinshuo/fno_kerr/kerr_project/SERVER_DATA_EXPERIMENT_REGISTRY.md,,INDEX_ONLY,Reference the Git-tracked source or scientific record at the recorded commit; do not duplicate source into the external data package.,[],False,False,False
asset_0005,data/tasks/q_1p6-3_n2000_t1200/dataset.npz,shared,dataset_payload,/home/shanjinshuo/fno_kerr/kerr_project/data/tasks/q_1p6-3_n2000_t1200/dataset.npz,data/tasks/q_1p6-3_n2000_t1200/dataset.npz,True,55679506,1,3e0358831e6b96c38f15c8e3178f6d37f38b4bddbe1ab01a63cfaba043f211ce,formal_source,"[""R0"", ""R1"", ""R2"", ""R3"", ""R1_validation_length_response"", ""R3_validation_length_response""]",/home/shanjinshuo/fno_kerr/kerr_project/data/tasks/q_1p6-3_n2000_t1200/dataset.npz,,MUST_UPLOAD,Authoritative raw truth or original training/validation split needed for independent analysis and provenance.,[],True,False,False
asset_0006,data/tasks/q_1p6-3_n2000_t1200/failed_samples.json,shared,dataset_provenance,/home/shanjinshuo/fno_kerr/kerr_project/data/tasks/q_1p6-3_n2000_t1200/failed_samples.json,data/tasks/q_1p6-3_n2000_t1200/failed_samples.json,True,2,1,4f53cda18c2baa0c0354bb5f9a3ecbe5ed12ab4d8e11ba873c2f11161202b945,formal_source,"[""R0"", ""R1"", ""R2"", ""R3"", ""R1_validation_length_response"", ""R3_validation_length_response""]",/home/shanjinshuo/fno_kerr/kerr_project/data/tasks/q_1p6-3_n2000_t1200/failed_samples.json,duplicate_001,MUST_UPLOAD,Authoritative raw truth or original training/validation split needed for independent analysis and provenance.,[],True,False,False
asset_0007,data/tasks/q_1p6-3_n2000_t1200/meta.json,shared,dataset_provenance,/home/shanjinshuo/fno_kerr/kerr_project/data/tasks/q_1p6-3_n2000_t1200/meta.json,data/tasks/q_1p6-3_n2000_t1200/meta.json,True,2260,1,459f8024f66db1abfe95d732b1cc9c90132c7bcc29d6425e25bbf32143fd6338,formal_source,"[""R0"", ""R1"", ""R2"", ""R3"", ""R1_validation_length_response"", ""R3_validation_length_response""]",/home/shanjinshuo/fno_kerr/kerr_project/data/tasks/q_1p6-3_n2000_t1200/meta.json,,MUST_UPLOAD,Authoritative raw truth or original training/validation split needed for independent analysis and provenance.,[],True,False,False
asset_0008,data/tasks/q_1p6007-2p9993_n400_t1200/dataset.npz,shared,dataset_payload,/home/shanjinshuo/fno_kerr/kerr_project/data/tasks/q_1p6007-2p9993_n400_t1200/dataset.npz,data/tasks/q_1p6007-2p9993_n400_t1200/dataset.npz,True,11139587,1,39c7b1ce9624123a5f2680d76abe8a7fa18e135ec166fa70262efb8d563c60db,formal_source,"[""A0"", ""R0"", ""M2"", ""M3"", ""M4a"", ""M4b"", ""R1"", ""R2"", ""R3""]",/home/shanjinshuo/fno_kerr/kerr_project/data/tasks/q_1p6007-2p9993_n400_t1200/dataset.npz,,MUST_UPLOAD,Authoritative raw truth or original training/validation split needed for independent analysis and provenance.,[],True,False,False
asset_0009,data/tasks/q_1p6007-2p9993_n400_t1200/failed_samples.json,shared,dataset_provenance,/home/shanjinshuo/fno_kerr/kerr_project/data/tasks/q_1p6007-2p9993_n400_t1200/failed_samples.json,data/tasks/q_1p6007-2p9993_n400_t1200/failed_samples.json,True,2,1,4f53cda18c2baa0c0354bb5f9a3ecbe5ed12ab4d8e11ba873c2f11161202b945,formal_source,"[""A0"", ""R0"", ""M2"", ""M3"", ""M4a"", ""M4b"", ""R1"", ""R2"", ""R3""]",/home/shanjinshuo/fno_kerr/kerr_project/data/tasks/q_1p6-3_n2000_t1200/failed_samples.json,duplicate_001,DO_NOT_UPLOAD,Byte-identical file verified by size and SHA256; reference the canonical file once. Preserve all server copies.,[],True,False,False
asset_0010,data/tasks/q_1p6007-2p9993_n400_t1200/meta.json,shared,dataset_provenance,/home/shanjinshuo/fno_kerr/kerr_project/data/tasks/q_1p6007-2p9993_n400_t1200/meta.json,data/tasks/q_1p6007-2p9993_n400_t1200/meta.json,True,2278,1,fbe816012a245c4cadf132de8cae5f042f8f796677e89b91af33b1fb377702d8,formal_source,"[""A0"", ""R0"", ""M2"", ""M3"", ""M4a"", ""M4b"", ""R1"", ""R2"", ""R3""]",/home/shanjinshuo/fno_kerr/kerr_project/data/tasks/q_1p6007-2p9993_n400_t1200/meta.json,,MUST_UPLOAD,Authoritative raw truth or original training/validation split needed for independent analysis and provenance.,[],True,False,False
asset_0011,data/tasks/q_1p6007-2p9993_n400_t1800/dataset.npz,shared,dataset_payload,/home/shanjinshuo/fno_kerr/kerr_project/data/tasks/q_1p6007-2p9993_n400_t1800/dataset.npz,data/tasks/q_1p6007-2p9993_n400_t1800/dataset.npz,True,16719729,1,87e17ecef62761756189b9325a375f38f982b094a5aed73083ba6bc80f5615d7,formal_source,"[""A0"", ""R0"", ""M2"", ""M3"", ""M4a"", ""M4b"", ""R1"", ""R2"", ""R3""]",/home/shanjinshuo/fno_kerr/kerr_project/data/tasks/q_1p6007-2p9993_n400_t1800/dataset.npz,,MUST_UPLOAD,Authoritative raw truth or original training/validation split needed for independent analysis and provenance.,[],False,False,False
asset_0012,data/tasks/q_1p6007-2p9993_n400_t1800/failed_samples.json,shared,dataset_provenance,/home/shanjinshuo/fno_kerr/kerr_project/data/tasks/q_1p6007-2p9993_n400_t1800/failed_samples.json,data/tasks/q_1p6007-2p9993_n400_t1800/failed_samples.json,True,2,1,4f53cda18c2baa0c0354bb5f9a3ecbe5ed12ab4d8e11ba873c2f11161202b945,formal_source,"[""A0"", ""R0"", ""M2"", ""M3"", ""M4a"", ""M4b"", ""R1"", ""R2"", ""R3""]",/home/shanjinshuo/fno_kerr/kerr_project/data/tasks/q_1p6-3_n2000_t1200/failed_samples.json,duplicate_001,DO_NOT_UPLOAD,Byte-identical file verified by size and SHA256; reference the canonical file once. Preserve all server copies.,[],False,False,False
asset_0013,data/tasks/q_1p6007-2p9993_n400_t1800/meta.json,shared,dataset_provenance,/home/shanjinshuo/fno_kerr/kerr_project/data/tasks/q_1p6007-2p9993_n400_t1800/meta.json,data/tasks/q_1p6007-2p9993_n400_t1800/meta.json,True,2289,1,498596316137e358d99c314a13e2f9f2c15baf52343c810431d9800ea3a108b6,formal_source,"[""A0"", ""R0"", ""M2"", ""M3"", ""M4a"", ""M4b"", ""R1"", ""R2"", ""R3""]",/home/shanjinshuo/fno_kerr/kerr_project/data/tasks/q_1p6007-2p9993_n400_t1800/meta.json,,MUST_UPLOAD,Authoritative raw truth or original training/validation split needed for independent analysis and provenance.,[],False,False,False
asset_0014,data/tasks/q_1p6007-2p9993_n400_t2400/dataset.npz,shared,dataset_payload,/home/shanjinshuo/fno_kerr/kerr_project/data/tasks/q_1p6007-2p9993_n400_t2400/dataset.npz,data/tasks/q_1p6007-2p9993_n400_t2400/dataset.npz,True,22288645,1,4687fe18e8701818ef8ffc5d87d5ac618c224ba7d8f80f7b57eccb2cf0e5b1d2,formal_source,"[""A0"", ""R0"", ""M2"", ""M3"", ""M4a"", ""M4b"", ""R1"", ""R2"", ""R3""]",/home/shanjinshuo/fno_kerr/kerr_project/data/tasks/q_1p6007-2p9993_n400_t2400/dataset.npz,,MUST_UPLOAD,Authoritative raw truth or original training/validation split needed for independent analysis and provenance.,[],False,False,False
asset_0015,data/tasks/q_1p6007-2p9993_n400_t2400/failed_samples.json,shared,dataset_provenance,/home/shanjinshuo/fno_kerr/kerr_project/data/tasks/q_1p6007-2p9993_n400_t2400/failed_samples.json,data/tasks/q_1p6007-2p9993_n400_t2400/failed_samples.json,True,2,1,4f53cda18c2baa0c0354bb5f9a3ecbe5ed12ab4d8e11ba873c2f11161202b945,formal_source,"[""A0"", ""R0"", ""M2"", ""M3"", ""M4a"", ""M4b"", ""R1"", ""R2"", ""R3""]",/home/shanjinshuo/fno_kerr/kerr_project/data/tasks/q_1p6-3_n2000_t1200/failed_samples.json,duplicate_001,DO_NOT_UPLOAD,Byte-identical file verified by size and SHA256; reference the canonical file once. Preserve all server copies.,[],False,False,False
asset_0016,data/tasks/q_1p6007-2p9993_n400_t2400/meta.json,shared,dataset_provenance,/home/shanjinshuo/fno_kerr/kerr_project/data/tasks/q_1p6007-2p9993_n400_t2400/meta.json,data/tasks/q_1p6007-2p9993_n400_t2400/meta.json,True,2290,1,dfed20a87f299462b39e6cccd203a87ce85788fce02293434b8a73ab3ccc5cc1,formal_source,"[""A0"", ""R0"", ""M2"", ""M3"", ""M4a"", ""M4b"", ""R1"", ""R2"", ""R3""]",/home/shanjinshuo/fno_kerr/kerr_project/data/tasks/q_1p6007-2p9993_n400_t2400/meta.json,,MUST_UPLOAD,Authoritative raw truth or original training/validation split needed for independent analysis and provenance.,[],False,False,False
asset_0017,outputs/comparison/common_test__q_1p6007-2p9993_n400_t1200/common_test_dataset.npz,R0,derived_truth,/home/shanjinshuo/fno_kerr/kerr_project/outputs/comparison/common_test__q_1p6007-2p9993_n400_t1200/common_test_dataset.npz,outputs/comparison/common_test__q_1p6007-2p9993_n400_t1200/common_test_dataset.npz,True,5324833,1,22a91e3bd3faf38d7dda396e149c4c1d248d7c398a3c4e58675527a05b48578a,historical_auxiliary,"[""R0""]",/home/shanjinshuo/fno_kerr/kerr_project/outputs/comparison/common_test__q_1p6007-2p9993_n400_t1200/common_test_dataset.npz,duplicate_002,DO_NOT_UPLOAD,Older common-test snapshot/result; final Plan A A1 and authoritative raw datasets are preferred.,[],False,False,False
asset_0018,outputs/comparison/common_test__q_1p6007-2p9993_n400_t1200/common_test_summary.json,R0,historical_metrics,/home/shanjinshuo/fno_kerr/kerr_project/outputs/comparison/common_test__q_1p6007-2p9993_n400_t1200/common_test_summary.json,outputs/comparison/common_test__q_1p6007-2p9993_n400_t1200/common_test_summary.json,True,3276,1,dfc622d36d8a5d3bd2761ee9e4809ed1c6b769053c2e7e7214321f2058f12b86,historical_auxiliary,"[""R0""]",/home/shanjinshuo/fno_kerr/kerr_project/outputs/comparison/common_test__q_1p6007-2p9993_n400_t1200/common_test_summary.json,,DO_NOT_UPLOAD,Older common-test snapshot/result; final Plan A A1 and authoritative raw datasets are preferred.,[],False,False,False
asset_0019,outputs/comparison/common_test__q_1p6007-2p9993_n400_t1200/models/q_1p6-3_n2000_t1200/per_q_metrics.csv,R0,historical_metrics,/home/shanjinshuo/fno_kerr/kerr_project/outputs/comparison/common_test__q_1p6007-2p9993_n400_t1200/models/q_1p6-3_n2000_t1200/per_q_metrics.csv,outputs/comparison/common_test__q_1p6007-2p9993_n400_t1200/models/q_1p6-3_n2000_t1200/per_q_metrics.csv,True,26399,1,ee49a17df0cc20210c6bdb3d2eae52f8db246335b163522d85487be89bdaa4d4,historical_auxiliary,"[""R0""]",/home/shanjinshuo/fno_kerr/kerr_project/outputs/comparison/common_test__q_1p6007-2p9993_n400_t1200/models/q_1p6-3_n2000_t1200/per_q_metrics.csv,,DO_NOT_UPLOAD,Older common-test snapshot/result; final Plan A A1 and authoritative raw datasets are preferred.,[],False,False,False
asset_0020,outputs/comparison/common_test__q_1p6007-2p9993_n400_t1200/models/q_1p6-3_n2000_t1200/result.json,R0,historical_metrics,/home/shanjinshuo/fno_kerr/kerr_project/outputs/comparison/common_test__q_1p6007-2p9993_n400_t1200/models/q_1p6-3_n2000_t1200/result.json,outputs/comparison/common_test__q_1p6007-2p9993_n400_t1200/models/q_1p6-3_n2000_t1200/result.json,True,1796,1,1c1634e5c073969e42b7715382230068bacb9359ba40c0d7a01600c6b17acb41,historical_auxiliary,"[""R0""]",/home/shanjinshuo/fno_kerr/kerr_project/outputs/comparison/common_test__q_1p6007-2p9993_n400_t1200/models/q_1p6-3_n2000_t1200/result.json,,DO_NOT_UPLOAD,Older common-test snapshot/result; final Plan A A1 and authoritative raw datasets are preferred.,[],False,False,False
asset_0021,outputs/comparison/common_test_e500_w64_n2000_n5000/common_test_dataset.npz,R0,derived_truth,/home/shanjinshuo/fno_kerr/kerr_project/outputs/comparison/common_test_e500_w64_n2000_n5000/common_test_dataset.npz,outputs/comparison/common_test_e500_w64_n2000_n5000/common_test_dataset.npz,True,5324833,1,22a91e3bd3faf38d7dda396e149c4c1d248d7c398a3c4e58675527a05b48578a,historical_auxiliary,"[""R0""]",/home/shanjinshuo/fno_kerr/kerr_project/outputs/comparison/common_test__q_1p6007-2p9993_n400_t1200/common_test_dataset.npz,duplicate_002,DO_NOT_UPLOAD,Byte-identical file verified by size and SHA256; reference the canonical file once. Preserve all server copies.,[],False,False,False
asset_0022,outputs/comparison/common_test_e500_w64_n2000_n5000/common_test_summary.json,R0,historical_metrics,/home/shanjinshuo/fno_kerr/kerr_project/outputs/comparison/common_test_e500_w64_n2000_n5000/common_test_summary.json,outputs/comparison/common_test_e500_w64_n2000_n5000/common_test_summary.json,True,3269,1,ae8a390111ee304e88dec8b2a6842a2001063d333be5d28255098da3dd4f2eff,historical_auxiliary,"[""R0""]",/home/shanjinshuo/fno_kerr/kerr_project/outputs/comparison/common_test_e500_w64_n2000_n5000/common_test_summary.json,,DO_NOT_UPLOAD,Older common-test snapshot/result; final Plan A A1 and authoritative raw datasets are preferred.,[],False,False,False
asset_0023,outputs/comparison/common_test_e500_w64_n2000_n5000/models/q_1p6-3_n2000_t1200/per_q_metrics.csv,R0,historical_metrics,/home/shanjinshuo/fno_kerr/kerr_project/outputs/comparison/common_test_e500_w64_n2000_n5000/models/q_1p6-3_n2000_t1200/per_q_metrics.csv,outputs/comparison/common_test_e500_w64_n2000_n5000/models/q_1p6-3_n2000_t1200/per_q_metrics.csv,True,26530,1,f2f9f6ede08add4d04155f7c496a534336053a40bb90df54836375874a52bc94,historical_auxiliary,"[""R0""]",/home/shanjinshuo/fno_kerr/kerr_project/outputs/comparison/common_test_e500_w64_n2000_n5000/models/q_1p6-3_n2000_t1200/per_q_metrics.csv,,DO_NOT_UPLOAD,Older common-test snapshot/result; final Plan A A1 and authoritative raw datasets are preferred.,[],False,False,False
asset_0024,outputs/comparison/common_test_e500_w64_n2000_n5000/models/q_1p6-3_n2000_t1200/result.json,R0,historical_metrics,/home/shanjinshuo/fno_kerr/kerr_project/outputs/comparison/common_test_e500_w64_n2000_n5000/models/q_1p6-3_n2000_t1200/result.json,outputs/comparison/common_test_e500_w64_n2000_n5000/models/q_1p6-3_n2000_t1200/result.json,True,1790,1,b27fb532f1f299494fef3c99c256285a889af1cf3f070c34489d2ab6c57f5b60,historical_auxiliary,"[""R0""]",/home/shanjinshuo/fno_kerr/kerr_project/outputs/comparison/common_test_e500_w64_n2000_n5000/models/q_1p6-3_n2000_t1200/result.json,,DO_NOT_UPLOAD,Older common-test snapshot/result; final Plan A A1 and authoritative raw datasets are preferred.,[],False,False,False
asset_0025,outputs/extrapolation_2d/q_1p6-3_n2000_t1200/fno2d_m16x32_w64_d4_e500/t1800_full_q400/Q.npy,R0,prediction_provenance,/home/shanjinshuo/fno_kerr/kerr_project/outputs/extrapolation_2d/q_1p6-3_n2000_t1200/fno2d_m16x32_w64_d4_e500/t1800_full_q400/Q.npy,outputs/extrapolation_2d/q_1p6-3_n2000_t1200/fno2d_m16x32_w64_d4_e500/t1800_full_q400/Q.npy,True,3328,1,3f14682a31d7763b0a09061db10231f60002b75f7415a4908cab8912c95bef65,historical_valid_length_evaluation,"[""R0_historical_T1800""]",/home/shanjinshuo/fno_kerr/kerr_project/outputs/extrapolation_2d/q_1p6-3_n2000_t1200/fno2d_m16x32_w64_d4_e500/t1800_full_q400/Q.npy,,MUST_UPLOAD,Existing reusable historical R0 T1800 prediction with explicit Q/grid/checkpoint provenance.,[],False,False,False
asset_0026,outputs/extrapolation_2d/q_1p6-3_n2000_t1200/fno2d_m16x32_w64_d4_e500/t1800_full_q400/lambda_error_profile.csv,R0,historical_metrics,/home/shanjinshuo/fno_kerr/kerr_project/outputs/extrapolation_2d/q_1p6-3_n2000_t1200/fno2d_m16x32_w64_d4_e500/t1800_full_q400/lambda_error_profile.csv,outputs/extrapolation_2d/q_1p6-3_n2000_t1200/fno2d_m16x32_w64_d4_e500/t1800_full_q400/lambda_error_profile.csv,True,171020,1,e8a130ecd157a35e3124bf0c7854286e2ba456a11e665f5de89c9ef255ac6f2d,historical_valid_length_evaluation,"[""R0_historical_T1800""]",/home/shanjinshuo/fno_kerr/kerr_project/outputs/extrapolation_2d/q_1p6-3_n2000_t1200/fno2d_m16x32_w64_d4_e500/t1800_full_q400/lambda_error_profile.csv,,DO_NOT_UPLOAD,Historical metric table is superseded for comparison by final raw-float64 formal A1 metrics; preserve on server.,[],False,False,False
asset_0027,outputs/extrapolation_2d/q_1p6-3_n2000_t1200/fno2d_m16x32_w64_d4_e500/t1800_full_q400/lambda_grid.npy,R0,prediction_provenance,/home/shanjinshuo/fno_kerr/kerr_project/outputs/extrapolation_2d/q_1p6-3_n2000_t1200/fno2d_m16x32_w64_d4_e500/t1800_full_q400/lambda_grid.npy,outputs/extrapolation_2d/q_1p6-3_n2000_t1200/fno2d_m16x32_w64_d4_e500/t1800_full_q400/lambda_grid.npy,True,14528,1,b7c8a2ae3bc8a25f9fc2ad815af441b82b7cef44a218d07635ce7ce522cbcb1e,historical_valid_length_evaluation,"[""R0_historical_T1800""]",/home/shanjinshuo/fno_kerr/kerr_project/outputs/extrapolation_2d/q_1p6-3_n2000_t1200/fno2d_m16x32_w64_d4_e500/t1800_full_q400/lambda_grid.npy,,MUST_UPLOAD,Existing reusable historical R0 T1800 prediction with explicit Q/grid/checkpoint provenance.,[],False,False,False
asset_0028,outputs/extrapolation_2d/q_1p6-3_n2000_t1200/fno2d_m16x32_w64_d4_e500/t1800_full_q400/metrics.json,R0,prediction_provenance,/home/shanjinshuo/fno_kerr/kerr_project/outputs/extrapolation_2d/q_1p6-3_n2000_t1200/fno2d_m16x32_w64_d4_e500/t1800_full_q400/metrics.json,outputs/extrapolation_2d/q_1p6-3_n2000_t1200/fno2d_m16x32_w64_d4_e500/t1800_full_q400/metrics.json,True,5753,1,b061c731595f83405b29f6b3ce32b4b540f12552b26c0fac34437f7cf4acd475,historical_valid_length_evaluation,"[""R0_historical_T1800""]",/home/shanjinshuo/fno_kerr/kerr_project/outputs/extrapolation_2d/q_1p6-3_n2000_t1200/fno2d_m16x32_w64_d4_e500/t1800_full_q400/metrics.json,,MUST_UPLOAD,Existing reusable historical R0 T1800 prediction with explicit Q/grid/checkpoint provenance.,[],False,False,False
asset_0029,outputs/extrapolation_2d/q_1p6-3_n2000_t1200/fno2d_m16x32_w64_d4_e500/t1800_full_q400/per_q_metrics.csv,R0,historical_metrics,/home/shanjinshuo/fno_kerr/kerr_project/outputs/extrapolation_2d/q_1p6-3_n2000_t1200/fno2d_m16x32_w64_d4_e500/t1800_full_q400/per_q_metrics.csv,outputs/extrapolation_2d/q_1p6-3_n2000_t1200/fno2d_m16x32_w64_d4_e500/t1800_full_q400/per_q_metrics.csv,True,60829,1,da4d345d0b697a6efc7eeedcb620aa181e7700a59a0a11a8dae3bac31de24fce,historical_valid_length_evaluation,"[""R0_historical_T1800""]",/home/shanjinshuo/fno_kerr/kerr_project/outputs/extrapolation_2d/q_1p6-3_n2000_t1200/fno2d_m16x32_w64_d4_e500/t1800_full_q400/per_q_metrics.csv,,DO_NOT_UPLOAD,Historical metric table is superseded for comparison by final raw-float64 formal A1 metrics; preserve on server.,[],False,False,False
asset_0030,outputs/extrapolation_2d/q_1p6-3_n2000_t1200/fno2d_m16x32_w64_d4_e500/t1800_full_q400/predictions_raw.npy,R0,prediction,/home/shanjinshuo/fno_kerr/kerr_project/outputs/extrapolation_2d/q_1p6-3_n2000_t1200/fno2d_m16x32_w64_d4_e500/t1800_full_q400/predictions_raw.npy,outputs/extrapolation_2d/q_1p6-3_n2000_t1200/fno2d_m16x32_w64_d4_e500/t1800_full_q400/predictions_raw.npy,True,8640128,1,b58c530651269b5f18e3cf30c16799727b35b87b32be9eb08984da4a861f9114,historical_valid_length_evaluation,"[""R0_historical_T1800""]",/home/shanjinshuo/fno_kerr/kerr_project/outputs/extrapolation_2d/q_1p6-3_n2000_t1200/fno2d_m16x32_w64_d4_e500/t1800_full_q400/predictions_raw.npy,,MUST_UPLOAD,Existing reusable historical R0 T1800 prediction with explicit Q/grid/checkpoint provenance.,[],False,False,False
asset_0031,outputs/extrapolation_2d/q_1p6-3_n2000_t1200/fno2d_m16x32_w64_d4_e500/t1800_full_q400/source_q_indices.npy,R0,prediction_provenance,/home/shanjinshuo/fno_kerr/kerr_project/outputs/extrapolation_2d/q_1p6-3_n2000_t1200/fno2d_m16x32_w64_d4_e500/t1800_full_q400/source_q_indices.npy,outputs/extrapolation_2d/q_1p6-3_n2000_t1200/fno2d_m16x32_w64_d4_e500/t1800_full_q400/source_q_indices.npy,True,3328,1,db69baadd6ddfc236ba8e9396c5d7636916d74ab2cbc59725d81e88075c036f6,historical_valid_length_evaluation,"[""R0_historical_T1800""]",/home/shanjinshuo/fno_kerr/kerr_project/outputs/extrapolation_2d/q_1p6-3_n2000_t1200/fno2d_m16x32_w64_d4_e500/t1800_full_q400/source_q_indices.npy,,MUST_UPLOAD,Existing reusable historical R0 T1800 prediction with explicit Q/grid/checkpoint provenance.,[],False,False,False
asset_0032,outputs/extrapolation_2d/q_1p6-3_n2000_t1200/fno2d_m16x32_w64_d4_e500/t1800_full_q400/targets_raw.npy,R0,derived_truth,/home/shanjinshuo/fno_kerr/kerr_project/outputs/extrapolation_2d/q_1p6-3_n2000_t1200/fno2d_m16x32_w64_d4_e500/t1800_full_q400/targets_raw.npy,outputs/extrapolation_2d/q_1p6-3_n2000_t1200/fno2d_m16x32_w64_d4_e500/t1800_full_q400/targets_raw.npy,True,8640128,1,a0786246bae181a6fc91a610eb2069533ebfd1d4c1999dc342ece21783766c50,historical_valid_length_evaluation,"[""R0_historical_T1800""]",/home/shanjinshuo/fno_kerr/kerr_project/outputs/extrapolation_2d/q_1p6-3_n2000_t1200/fno2d_m16x32_w64_d4_e500/t1800_full_q400/targets_raw.npy,,DO_NOT_UPLOAD,Float32 recovered-target representation is not authoritative raw float64 truth; use the registered T1800 dataset.,[],False,False,False
asset_0033,outputs/formal_a1_length_extrapolation/fno2d_m16x32_w64_d4_e500_r1_multilen_t600-800-1000-1200_q400_t1200_t1800_t2400/a1_length_extrapolation_summary.json,R1,metrics_summary,/home/shanjinshuo/fno_kerr/kerr_project/outputs/formal_a1_length_extrapolation/fno2d_m16x32_w64_d4_e500_r1_multilen_t600-800-1000-1200_q400_t1200_t1800_t2400/a1_length_extrapolation_summary.json,outputs/formal_a1_length_extrapolation/fno2d_m16x32_w64_d4_e500_r1_multilen_t600-800-1000-1200_q400_t1200_t1800_t2400/a1_length_extrapolation_summary.json,True,301041,1,3af43eaf2ffb394770e4d5b4d7162e9b0af3ff41047240034e69c721e6304002,formal_development_benchmark,"[""R1""]",/home/shanjinshuo/fno_kerr/kerr_project/outputs/formal_a1_length_extrapolation/fno2d_m16x32_w64_d4_e500_r1_multilen_t600-800-1000-1200_q400_t1200_t1800_t2400/a1_length_extrapolation_summary.json,,MUST_UPLOAD,Final canonical-Q400 raw-xyz A1 result used in the R0-R3 scientific comparison.,[],False,True,False
asset_0034,outputs/formal_a1_length_extrapolation/fno2d_m16x32_w64_d4_e500_r1_multilen_t600-800-1000-1200_q400_t1200_t1800_t2400/lambda_window_metrics.csv,R1,metrics_csv,/home/shanjinshuo/fno_kerr/kerr_project/outputs/formal_a1_length_extrapolation/fno2d_m16x32_w64_d4_e500_r1_multilen_t600-800-1000-1200_q400_t1200_t1800_t2400/lambda_window_metrics.csv,outputs/formal_a1_length_extrapolation/fno2d_m16x32_w64_d4_e500_r1_multilen_t600-800-1000-1200_q400_t1200_t1800_t2400/lambda_window_metrics.csv,True,2289,1,a079ec4372524711ab923af05febdf3cf19e41f6d54813449daf3fd0dc955e72,formal_development_benchmark,"[""R1""]",/home/shanjinshuo/fno_kerr/kerr_project/outputs/formal_a1_length_extrapolation/fno2d_m16x32_w64_d4_e500_r1_multilen_t600-800-1000-1200_q400_t1200_t1800_t2400/lambda_window_metrics.csv,,MUST_UPLOAD,Final canonical-Q400 raw-xyz A1 result used in the R0-R3 scientific comparison.,[],False,True,False
asset_0035,outputs/formal_a1_length_extrapolation/fno2d_m16x32_w64_d4_e500_r1_multilen_t600-800-1000-1200_q400_t1200_t1800_t2400/per_q_metrics.csv,R1,metrics_csv,/home/shanjinshuo/fno_kerr/kerr_project/outputs/formal_a1_length_extrapolation/fno2d_m16x32_w64_d4_e500_r1_multilen_t600-800-1000-1200_q400_t1200_t1800_t2400/per_q_metrics.csv,outputs/formal_a1_length_extrapolation/fno2d_m16x32_w64_d4_e500_r1_multilen_t600-800-1000-1200_q400_t1200_t1800_t2400/per_q_metrics.csv,True,152072,1,6d78f94a719a8d51dd38a97d1a60518f056b6e516b24a23461d0b4aaa2dcfead,formal_development_benchmark,"[""R1""]",/home/shanjinshuo/fno_kerr/kerr_project/outputs/formal_a1_length_extrapolation/fno2d_m16x32_w64_d4_e500_r1_multilen_t600-800-1000-1200_q400_t1200_t1800_t2400/per_q_metrics.csv,,MUST_UPLOAD,Final canonical-Q400 raw-xyz A1 result used in the R0-R3 scientific comparison.,[],False,True,False
asset_0036,outputs/formal_a1_length_extrapolation/fno2d_m16x32_w64_d4_e500_r2_q-s-ell_multilen_t600-800-1000-1200_best_q400_t1200_t1800_t2400/r2_a1_length_extrapolation_summary.json,R2,metrics_summary,/home/shanjinshuo/fno_kerr/kerr_project/outputs/formal_a1_length_extrapolation/fno2d_m16x32_w64_d4_e500_r2_q-s-ell_multilen_t600-800-1000-1200_best_q400_t1200_t1800_t2400/r2_a1_length_extrapolation_summary.json,outputs/formal_a1_length_extrapolation/fno2d_m16x32_w64_d4_e500_r2_q-s-ell_multilen_t600-800-1000-1200_best_q400_t1200_t1800_t2400/r2_a1_length_extrapolation_summary.json,True,303277,1,b449baf194a0f145baf7d50cc8d12c908fa728eb87ffcdad70855a9e608371a3,formal_development_benchmark,"[""R2""]",/home/shanjinshuo/fno_kerr/kerr_project/outputs/formal_a1_length_extrapolation/fno2d_m16x32_w64_d4_e500_r2_q-s-ell_multilen_t600-800-1000-1200_best_q400_t1200_t1800_t2400/r2_a1_length_extrapolation_summary.json,,MUST_UPLOAD,Final canonical-Q400 raw-xyz A1 result used in the R0-R3 scientific comparison.,[],False,True,False
asset_0037,outputs/formal_a1_length_extrapolation/fno2d_m16x32_w64_d4_e500_r2_q-s-ell_multilen_t600-800-1000-1200_best_q400_t1200_t1800_t2400/r2_lambda_window_metrics.csv,R2,metrics_csv,/home/shanjinshuo/fno_kerr/kerr_project/outputs/formal_a1_length_extrapolation/fno2d_m16x32_w64_d4_e500_r2_q-s-ell_multilen_t600-800-1000-1200_best_q400_t1200_t1800_t2400/r2_lambda_window_metrics.csv,outputs/formal_a1_length_extrapolation/fno2d_m16x32_w64_d4_e500_r2_q-s-ell_multilen_t600-800-1000-1200_best_q400_t1200_t1800_t2400/r2_lambda_window_metrics.csv,True,2313,1,a6b0804c2d29fdef14131380064016786ee7ee686dcf4becd23f42930df34f66,formal_development_benchmark,"[""R2""]",/home/shanjinshuo/fno_kerr/kerr_project/outputs/formal_a1_length_extrapolation/fno2d_m16x32_w64_d4_e500_r2_q-s-ell_multilen_t600-800-1000-1200_best_q400_t1200_t1800_t2400/r2_lambda_window_metrics.csv,,MUST_UPLOAD,Final canonical-Q400 raw-xyz A1 result used in the R0-R3 scientific comparison.,[],False,True,False
asset_0038,outputs/formal_a1_length_extrapolation/fno2d_m16x32_w64_d4_e500_r2_q-s-ell_multilen_t600-800-1000-1200_best_q400_t1200_t1800_t2400/r2_per_q_metrics.csv,R2,metrics_csv,/home/shanjinshuo/fno_kerr/kerr_project/outputs/formal_a1_length_extrapolation/fno2d_m16x32_w64_d4_e500_r2_q-s-ell_multilen_t600-800-1000-1200_best_q400_t1200_t1800_t2400/r2_per_q_metrics.csv,outputs/formal_a1_length_extrapolation/fno2d_m16x32_w64_d4_e500_r2_q-s-ell_multilen_t600-800-1000-1200_best_q400_t1200_t1800_t2400/r2_per_q_metrics.csv,True,150159,1,f894a9f498c2a2949830eb9fb26c2baadfbbd9e4c614e9508e3948680acdee04,formal_development_benchmark,"[""R2""]",/home/shanjinshuo/fno_kerr/kerr_project/outputs/formal_a1_length_extrapolation/fno2d_m16x32_w64_d4_e500_r2_q-s-ell_multilen_t600-800-1000-1200_best_q400_t1200_t1800_t2400/r2_per_q_metrics.csv,,MUST_UPLOAD,Final canonical-Q400 raw-xyz A1 result used in the R0-R3 scientific comparison.,[],False,True,False
asset_0039,outputs/formal_a1_length_extrapolation/fno2d_m16x32_w64_d4_e500_r3_physicalfreq_multilen_t600-800-1000-1200_best_fixed_q400_t1200_t1800_t2400/r3_a1_length_extrapolation_summary.json,R3,metrics_summary,/home/shanjinshuo/fno_kerr/kerr_project/outputs/formal_a1_length_extrapolation/fno2d_m16x32_w64_d4_e500_r3_physicalfreq_multilen_t600-800-1000-1200_best_fixed_q400_t1200_t1800_t2400/r3_a1_length_extrapolation_summary.json,outputs/formal_a1_length_extrapolation/fno2d_m16x32_w64_d4_e500_r3_physicalfreq_multilen_t600-800-1000-1200_best_fixed_q400_t1200_t1800_t2400/r3_a1_length_extrapolation_summary.json,True,55032,1,04c7eeb50446b2eafba4a700894257f01c33ed23078db8ce61c88ad0168caebf,formal_development_benchmark,"[""R3""]",/home/shanjinshuo/fno_kerr/kerr_project/outputs/formal_a1_length_extrapolation/fno2d_m16x32_w64_d4_e500_r3_physicalfreq_multilen_t600-800-1000-1200_best_fixed_q400_t1200_t1800_t2400/r3_a1_length_extrapolation_summary.json,,MUST_UPLOAD,Final canonical-Q400 raw-xyz A1 result used in the R0-R3 scientific comparison.,[],False,True,False
asset_0040,outputs/formal_a1_length_extrapolation/fno2d_m16x32_w64_d4_e500_r3_physicalfreq_multilen_t600-800-1000-1200_best_fixed_q400_t1200_t1800_t2400/r3_lambda_window_metrics.csv,R3,metrics_csv,/home/shanjinshuo/fno_kerr/kerr_project/outputs/formal_a1_length_extrapolation/fno2d_m16x32_w64_d4_e500_r3_physicalfreq_multilen_t600-800-1000-1200_best_fixed_q400_t1200_t1800_t2400/r3_lambda_window_metrics.csv,outputs/formal_a1_length_extrapolation/fno2d_m16x32_w64_d4_e500_r3_physicalfreq_multilen_t600-800-1000-1200_best_fixed_q400_t1200_t1800_t2400/r3_lambda_window_metrics.csv,True,2310,1,0a7e6d5b7d92bd87657c236fb2eadef808814be53940d311e46782f2dd7c1fa6,formal_development_benchmark,"[""R3""]",/home/shanjinshuo/fno_kerr/kerr_project/outputs/formal_a1_length_extrapolation/fno2d_m16x32_w64_d4_e500_r3_physicalfreq_multilen_t600-800-1000-1200_best_fixed_q400_t1200_t1800_t2400/r3_lambda_window_metrics.csv,,MUST_UPLOAD,Final canonical-Q400 raw-xyz A1 result used in the R0-R3 scientific comparison.,[],False,True,False
asset_0041,outputs/formal_a1_length_extrapolation/fno2d_m16x32_w64_d4_e500_r3_physicalfreq_multilen_t600-800-1000-1200_best_fixed_q400_t1200_t1800_t2400/r3_per_q_metrics.csv,R3,metrics_csv,/home/shanjinshuo/fno_kerr/kerr_project/outputs/formal_a1_length_extrapolation/fno2d_m16x32_w64_d4_e500_r3_physicalfreq_multilen_t600-800-1000-1200_best_fixed_q400_t1200_t1800_t2400/r3_per_q_metrics.csv,outputs/formal_a1_length_extrapolation/fno2d_m16x32_w64_d4_e500_r3_physicalfreq_multilen_t600-800-1000-1200_best_fixed_q400_t1200_t1800_t2400/r3_per_q_metrics.csv,True,149596,1,3d5e3afa989c47433d8de6538931b52b0bad0225d69db53f8bfe960b692528fa,formal_development_benchmark,"[""R3""]",/home/shanjinshuo/fno_kerr/kerr_project/outputs/formal_a1_length_extrapolation/fno2d_m16x32_w64_d4_e500_r3_physicalfreq_multilen_t600-800-1000-1200_best_fixed_q400_t1200_t1800_t2400/r3_per_q_metrics.csv,,MUST_UPLOAD,Final canonical-Q400 raw-xyz A1 result used in the R0-R3 scientific comparison.,[],False,True,False
asset_0042,outputs/formal_a1_length_extrapolation/q400_t1200_t1800_t2400_w0p5/a1_length_extrapolation_summary.json,R0,metrics_summary,/home/shanjinshuo/fno_kerr/kerr_project/outputs/formal_a1_length_extrapolation/q400_t1200_t1800_t2400_w0p5/a1_length_extrapolation_summary.json,outputs/formal_a1_length_extrapolation/q400_t1200_t1800_t2400_w0p5/a1_length_extrapolation_summary.json,True,301002,1,3066342781a185fe9fa671c5c004855fc72d06c46ccb4a7acb49968b8f2811a6,formal_development_benchmark,"[""R0""]",/home/shanjinshuo/fno_kerr/kerr_project/outputs/formal_a1_length_extrapolation/q400_t1200_t1800_t2400_w0p5/a1_length_extrapolation_summary.json,,MUST_UPLOAD,Final canonical-Q400 raw-xyz A1 result used in the R0-R3 scientific comparison.,[],False,True,False
asset_0043,outputs/formal_a1_length_extrapolation/q400_t1200_t1800_t2400_w0p5/lambda_window_metrics.csv,R0,metrics_csv,/home/shanjinshuo/fno_kerr/kerr_project/outputs/formal_a1_length_extrapolation/q400_t1200_t1800_t2400_w0p5/lambda_window_metrics.csv,outputs/formal_a1_length_extrapolation/q400_t1200_t1800_t2400_w0p5/lambda_window_metrics.csv,True,2314,1,4be30e8b36f7c22ee2c402ca154310b8864da85c3d8efb51bd665d51b1930bc9,formal_development_benchmark,"[""R0""]",/home/shanjinshuo/fno_kerr/kerr_project/outputs/formal_a1_length_extrapolation/q400_t1200_t1800_t2400_w0p5/lambda_window_metrics.csv,,MUST_UPLOAD,Final canonical-Q400 raw-xyz A1 result used in the R0-R3 scientific comparison.,[],False,True,False
asset_0044,outputs/formal_a1_length_extrapolation/q400_t1200_t1800_t2400_w0p5/per_q_metrics.csv,R0,metrics_csv,/home/shanjinshuo/fno_kerr/kerr_project/outputs/formal_a1_length_extrapolation/q400_t1200_t1800_t2400_w0p5/per_q_metrics.csv,outputs/formal_a1_length_extrapolation/q400_t1200_t1800_t2400_w0p5/per_q_metrics.csv,True,153110,1,d352da95a912ce4870f871352252342d2b2c0eda95df43b30a5c12941a1a5670,formal_development_benchmark,"[""R0""]",/home/shanjinshuo/fno_kerr/kerr_project/outputs/formal_a1_length_extrapolation/q400_t1200_t1800_t2400_w0p5/per_q_metrics.csv,,MUST_UPLOAD,Final canonical-Q400 raw-xyz A1 result used in the R0-R3 scientific comparison.,[],False,True,False
asset_0045,outputs/length_change_prediction_consistency/q400_t1200_t1800_all_canonical_q.json,R0,diagnostic_summary,/home/shanjinshuo/fno_kerr/kerr_project/outputs/length_change_prediction_consistency/q400_t1200_t1800_all_canonical_q.json,outputs/length_change_prediction_consistency/q400_t1200_t1800_all_canonical_q.json,True,198563,1,c1e4b7d14d22929a38da9e8df751688fc340f63db2771955ee9d5b843c0dc6f2,development_diagnostic,"[""R0""]",/home/shanjinshuo/fno_kerr/kerr_project/outputs/length_change_prediction_consistency/q400_t1200_t1800_all_canonical_q.json,,MUST_UPLOAD,Final compact evidence for the recorded Plan A mechanism or validation-response conclusion.,[],False,False,False
asset_0046,outputs/length_dataset_identity_validation/q400_t1200_t1800_t2400_prefix_identity.json,A0,qualification,/home/shanjinshuo/fno_kerr/kerr_project/outputs/length_dataset_identity_validation/q400_t1200_t1800_t2400_prefix_identity.json,outputs/length_dataset_identity_validation/q400_t1200_t1800_t2400_prefix_identity.json,True,35132,1,04f68349d79f3946a3aa1aa269209da2b5bae3bee36b9be3d42c9224851becc4,qualification,"[""A0""]",/home/shanjinshuo/fno_kerr/kerr_project/outputs/length_dataset_identity_validation/q400_t1200_t1800_t2400_prefix_identity.json,,MUST_UPLOAD,Final compact evidence for the recorded Plan A mechanism or validation-response conclusion.,[],False,False,False
asset_0047,outputs/m3_internal_length_sensitivity/q400_t1200_t1800_t2400/m3_internal_length_sensitivity_summary.json,M3,diagnostic_summary,/home/shanjinshuo/fno_kerr/kerr_project/outputs/m3_internal_length_sensitivity/q400_t1200_t1800_t2400/m3_internal_length_sensitivity_summary.json,outputs/m3_internal_length_sensitivity/q400_t1200_t1800_t2400/m3_internal_length_sensitivity_summary.json,True,12404,1,8055462300685aab9c789974caba56907cb5e95602c9e8a6032a6e7e49fc5375,development_diagnostic,"[""M3""]",/home/shanjinshuo/fno_kerr/kerr_project/outputs/m3_internal_length_sensitivity/q400_t1200_t1800_t2400/m3_internal_length_sensitivity_summary.json,,MUST_UPLOAD,Final compact evidence for the recorded Plan A mechanism or validation-response conclusion.,[],False,False,False
asset_0048,outputs/m3_internal_length_sensitivity/q400_t1200_t1800_t2400/m3_spectral_mode_comparison.csv,M3,diagnostic_csv,/home/shanjinshuo/fno_kerr/kerr_project/outputs/m3_internal_length_sensitivity/q400_t1200_t1800_t2400/m3_spectral_mode_comparison.csv,outputs/m3_internal_length_sensitivity/q400_t1200_t1800_t2400/m3_spectral_mode_comparison.csv,True,47101,1,86c7c87cd70b89e574c8d8cf5b75b893a515a85a980e185e08e0e70a7d95bd96,development_diagnostic,"[""M3""]",/home/shanjinshuo/fno_kerr/kerr_project/outputs/m3_internal_length_sensitivity/q400_t1200_t1800_t2400/m3_spectral_mode_comparison.csv,,MUST_UPLOAD,Final compact evidence for the recorded Plan A mechanism or validation-response conclusion.,[],False,False,False
asset_0049,outputs/m3_internal_length_sensitivity/q400_t1200_t1800_t2400/m3_stage_comparison.csv,M3,diagnostic_csv,/home/shanjinshuo/fno_kerr/kerr_project/outputs/m3_internal_length_sensitivity/q400_t1200_t1800_t2400/m3_stage_comparison.csv,outputs/m3_internal_length_sensitivity/q400_t1200_t1800_t2400/m3_stage_comparison.csv,True,2615,1,4d5e36d2eb08a33bb6da500e9fc372514e508a51809f53fd2993d9283ae048a9,development_diagnostic,"[""M3""]",/home/shanjinshuo/fno_kerr/kerr_project/outputs/m3_internal_length_sensitivity/q400_t1200_t1800_t2400/m3_stage_comparison.csv,,MUST_UPLOAD,Final compact evidence for the recorded Plan A mechanism or validation-response conclusion.,[],False,False,False
asset_0050,outputs/m4b_lambda_clamp/q400_t1200_t1800_t2400/m4b_intervention_response.csv,M4b,diagnostic_csv,/home/shanjinshuo/fno_kerr/kerr_project/outputs/m4b_lambda_clamp/q400_t1200_t1800_t2400/m4b_intervention_response.csv,outputs/m4b_lambda_clamp/q400_t1200_t1800_t2400/m4b_intervention_response.csv,True,1147,1,5f25a9c67484d396c16cb6044c6180ab6c2eed1870b49d229fc2bd28b51ef2af,development_diagnostic,"[""M4a"", ""M4b""]",/home/shanjinshuo/fno_kerr/kerr_project/outputs/m4b_lambda_clamp/q400_t1200_t1800_t2400/m4b_intervention_response.csv,,MUST_UPLOAD,Final compact evidence for the recorded Plan A mechanism or validation-response conclusion.,"[""Nonphysical mechanism probe; clamp-arm errors are not valid physical model-performance evidence.""]",False,False,False
asset_0051,outputs/m4b_lambda_clamp/q400_t1200_t1800_t2400/m4b_lambda_clamp_summary.json,M4b,diagnostic_summary,/home/shanjinshuo/fno_kerr/kerr_project/outputs/m4b_lambda_clamp/q400_t1200_t1800_t2400/m4b_lambda_clamp_summary.json,outputs/m4b_lambda_clamp/q400_t1200_t1800_t2400/m4b_lambda_clamp_summary.json,True,18770,1,c9e8f2f92b3c057c2bcc1f802438852ab24f10c06797eef230750d51cd164f62,development_diagnostic,"[""M4a"", ""M4b""]",/home/shanjinshuo/fno_kerr/kerr_project/outputs/m4b_lambda_clamp/q400_t1200_t1800_t2400/m4b_lambda_clamp_summary.json,,MUST_UPLOAD,Final compact evidence for the recorded Plan A mechanism or validation-response conclusion.,"[""Nonphysical mechanism probe; clamp-arm errors are not valid physical model-performance evidence.""]",False,False,False
asset_0052,outputs/m4b_lambda_clamp/q400_t1200_t1800_t2400/m4b_stage_comparison.csv,M4b,diagnostic_csv,/home/shanjinshuo/fno_kerr/kerr_project/outputs/m4b_lambda_clamp/q400_t1200_t1800_t2400/m4b_stage_comparison.csv,outputs/m4b_lambda_clamp/q400_t1200_t1800_t2400/m4b_stage_comparison.csv,True,4090,1,aff749bbef09452c78d227c7da95bdf426cd04e42c2de1e4ef1189e68e752c07,development_diagnostic,"[""M4a"", ""M4b""]",/home/shanjinshuo/fno_kerr/kerr_project/outputs/m4b_lambda_clamp/q400_t1200_t1800_t2400/m4b_stage_comparison.csv,,MUST_UPLOAD,Final compact evidence for the recorded Plan A mechanism or validation-response conclusion.,"[""Nonphysical mechanism probe; clamp-arm errors are not valid physical model-performance evidence.""]",False,False,False
asset_0053,outputs/plan_b_q400_t1200_to_t2399/frozen_fno_resolution_generalization/coarse_prediction_raw_xyz.npy,R0,prediction,/home/shanjinshuo/fno_kerr/kerr_project/outputs/plan_b_q400_t1200_to_t2399/frozen_fno_resolution_generalization/coarse_prediction_raw_xyz.npy,outputs/plan_b_q400_t1200_to_t2399/frozen_fno_resolution_generalization/coarse_prediction_raw_xyz.npy,True,5760128,1,60d2ec8c089ceededc2dbbd9ad6726287b94ba76da50e9dc89cb6a8ab1763c64,shared_native_baseline,"[""R0_T1200"", ""Plan_B_coarse_anchor""]",/home/shanjinshuo/fno_kerr/kerr_project/outputs/plan_b_q400_t1200_to_t2399/frozen_fno_resolution_generalization/coarse_prediction_raw_xyz.npy,,MUST_UPLOAD,Only the shared native T1200 arm is reused: same R0 checkpoint and canonical Q400; fine-grid predictions and Plan B-only assets are excluded.,"[""Summary contains Plan B context; only coarse baseline is in Plan A scope.""]",True,False,False
asset_0054,outputs/plan_b_q400_t1200_to_t2399/frozen_fno_resolution_generalization/experiment_summary.json,R0,prediction_provenance,/home/shanjinshuo/fno_kerr/kerr_project/outputs/plan_b_q400_t1200_to_t2399/frozen_fno_resolution_generalization/experiment_summary.json,outputs/plan_b_q400_t1200_to_t2399/frozen_fno_resolution_generalization/experiment_summary.json,True,89241,1,ffa7211ab9b799b007075c12004fc2af76568f532844f0bd2cd86267a8c5dbdc,shared_native_baseline,"[""R0_T1200"", ""Plan_B_coarse_anchor""]",/home/shanjinshuo/fno_kerr/kerr_project/outputs/plan_b_q400_t1200_to_t2399/frozen_fno_resolution_generalization/experiment_summary.json,,MUST_UPLOAD,Only the shared native T1200 arm is reused: same R0 checkpoint and canonical Q400; fine-grid predictions and Plan B-only assets are excluded.,"[""Summary contains Plan B context; only coarse baseline is in Plan A scope.""]",True,False,False
asset_0055,outputs/plan_b_q400_t1200_to_t2399/frozen_fno_resolution_generalization/metrics.json,R0,prediction_provenance,/home/shanjinshuo/fno_kerr/kerr_project/outputs/plan_b_q400_t1200_to_t2399/frozen_fno_resolution_generalization/metrics.json,outputs/plan_b_q400_t1200_to_t2399/frozen_fno_resolution_generalization/metrics.json,True,1610,1,aba2a0288e1686dc0526bdfaf7293a96a2ebd712d2e421bcd62263a8b85c933c,shared_native_baseline,"[""R0_T1200"", ""Plan_B_coarse_anchor""]",/home/shanjinshuo/fno_kerr/kerr_project/outputs/plan_b_q400_t1200_to_t2399/frozen_fno_resolution_generalization/metrics.json,,MUST_UPLOAD,Only the shared native T1200 arm is reused: same R0 checkpoint and canonical Q400; fine-grid predictions and Plan B-only assets are excluded.,"[""Summary contains Plan B context; only coarse baseline is in Plan A scope.""]",True,False,False
asset_0056,outputs/q_1p6-3_n2000_t1200/fno2d_m16x32_w64_d4_e500/analysis/analysis_summary.json,R0,historical_auxiliary,/home/shanjinshuo/fno_kerr/kerr_project/outputs/q_1p6-3_n2000_t1200/fno2d_m16x32_w64_d4_e500/analysis/analysis_summary.json,outputs/q_1p6-3_n2000_t1200/fno2d_m16x32_w64_d4_e500/analysis/analysis_summary.json,True,13248,1,bc0af88b18c156f409f88c9f6dec137d5db722c3f9d451c8bb31f81eae83f628,historical_auxiliary,"[""R0""]",/home/shanjinshuo/fno_kerr/kerr_project/outputs/q_1p6-3_n2000_t1200/fno2d_m16x32_w64_d4_e500/analysis/analysis_summary.json,,DO_NOT_UPLOAD,Historical auxiliary output is not needed to reconstruct the final Plan A conclusions.,[],False,False,False
asset_0057,outputs/q_1p6-3_n2000_t1200/fno2d_m16x32_w64_d4_e500/checkpoints/best_model.pt,R0,best_checkpoint,/home/shanjinshuo/fno_kerr/kerr_project/outputs/q_1p6-3_n2000_t1200/fno2d_m16x32_w64_d4_e500/checkpoints/best_model.pt,outputs/q_1p6-3_n2000_t1200/fno2d_m16x32_w64_d4_e500/checkpoints/best_model.pt,True,402989986,1,db5cb795af32a91a24ef61c0b87e07fa7352be62201dfa8ca834dd31b5d63b33,selected_training_checkpoint,"[""R0"", ""M3"", ""M4a"", ""M4b""]",/home/shanjinshuo/fno_kerr/kerr_project/outputs/q_1p6-3_n2000_t1200/fno2d_m16x32_w64_d4_e500/checkpoints/best_model.pt,,RECOMMENDED_UPLOAD,The unique selected BEST required for future controlled inference and checkpoint-level verification.,[],True,False,False
asset_0058,outputs/q_1p6-3_n2000_t1200/fno2d_m16x32_w64_d4_e500/checkpoints/last_model.pt,R0,last_checkpoint,/home/shanjinshuo/fno_kerr/kerr_project/outputs/q_1p6-3_n2000_t1200/fno2d_m16x32_w64_d4_e500/checkpoints/last_model.pt,outputs/q_1p6-3_n2000_t1200/fno2d_m16x32_w64_d4_e500/checkpoints/last_model.pt,True,402989986,1,76253ad8c90899c8edfbd40a5af76c5d21f913a38c7d5010f2d92544c2308d29,historical_auxiliary,"[""R0""]",/home/shanjinshuo/fno_kerr/kerr_project/outputs/q_1p6-3_n2000_t1200/fno2d_m16x32_w64_d4_e500/checkpoints/last_model.pt,,DO_NOT_UPLOAD,BEST exists and reproduces the reported result; LAST is not needed for the mentor package.,[],False,False,False
asset_0059,outputs/q_1p6-3_n2000_t1200/fno2d_m16x32_w64_d4_e500/inference/metrics.json,R0,historical_metrics,/home/shanjinshuo/fno_kerr/kerr_project/outputs/q_1p6-3_n2000_t1200/fno2d_m16x32_w64_d4_e500/inference/metrics.json,outputs/q_1p6-3_n2000_t1200/fno2d_m16x32_w64_d4_e500/inference/metrics.json,True,481,1,406949a1a4826ba4e6f32df74b67d64ca46e4695f6eaa56e68ff7abf5814de6c,historical_auxiliary,"[""R0""]",/home/shanjinshuo/fno_kerr/kerr_project/outputs/q_1p6-3_n2000_t1200/fno2d_m16x32_w64_d4_e500/inference/metrics.json,,DO_NOT_UPLOAD,"Original training-task test300 output, not the independent canonical Q400 Plan A comparison.",[],False,False,False
asset_0060,outputs/q_1p6-3_n2000_t1200/fno2d_m16x32_w64_d4_e500/inference/predictions.npy,R0,prediction_auxiliary,/home/shanjinshuo/fno_kerr/kerr_project/outputs/q_1p6-3_n2000_t1200/fno2d_m16x32_w64_d4_e500/inference/predictions.npy,outputs/q_1p6-3_n2000_t1200/fno2d_m16x32_w64_d4_e500/inference/predictions.npy,True,4320128,1,572c315842ab1bbf7d4f9c9610ea149fac6d042f033181fc11116a4eadd0f644,historical_auxiliary,"[""R0""]",/home/shanjinshuo/fno_kerr/kerr_project/outputs/q_1p6-3_n2000_t1200/fno2d_m16x32_w64_d4_e500/inference/predictions.npy,,DO_NOT_UPLOAD,"Original training-task test300 output, not the independent canonical Q400 Plan A comparison.",[],False,False,False
asset_0061,outputs/q_1p6-3_n2000_t1200/fno2d_m16x32_w64_d4_e500/inference/predictions_model_space.npy,R0,prediction_auxiliary,/home/shanjinshuo/fno_kerr/kerr_project/outputs/q_1p6-3_n2000_t1200/fno2d_m16x32_w64_d4_e500/inference/predictions_model_space.npy,outputs/q_1p6-3_n2000_t1200/fno2d_m16x32_w64_d4_e500/inference/predictions_model_space.npy,True,4320128,1,42b29e3cbc318e3d6af6edad6fbd8c55d633d5941e6bd78ee50b20286c874f18,historical_auxiliary,"[""R0""]",/home/shanjinshuo/fno_kerr/kerr_project/outputs/q_1p6-3_n2000_t1200/fno2d_m16x32_w64_d4_e500/inference/predictions_model_space.npy,,DO_NOT_UPLOAD,"Original training-task test300 output, not the independent canonical Q400 Plan A comparison.",[],False,False,False
asset_0062,outputs/q_1p6-3_n2000_t1200/fno2d_m16x32_w64_d4_e500/inference/targets.npy,R0,prediction_auxiliary,/home/shanjinshuo/fno_kerr/kerr_project/outputs/q_1p6-3_n2000_t1200/fno2d_m16x32_w64_d4_e500/inference/targets.npy,outputs/q_1p6-3_n2000_t1200/fno2d_m16x32_w64_d4_e500/inference/targets.npy,True,4320128,1,d57dfc1d3a10f01f65c10fa3515d945eba00f96aae2a36eda88d285d719ac1a2,historical_auxiliary,"[""R0""]",/home/shanjinshuo/fno_kerr/kerr_project/outputs/q_1p6-3_n2000_t1200/fno2d_m16x32_w64_d4_e500/inference/targets.npy,,DO_NOT_UPLOAD,"Original training-task test300 output, not the independent canonical Q400 Plan A comparison.",[],False,False,False
asset_0063,outputs/q_1p6-3_n2000_t1200/fno2d_m16x32_w64_d4_e500/inference/targets_model_space.npy,R0,prediction_auxiliary,/home/shanjinshuo/fno_kerr/kerr_project/outputs/q_1p6-3_n2000_t1200/fno2d_m16x32_w64_d4_e500/inference/targets_model_space.npy,outputs/q_1p6-3_n2000_t1200/fno2d_m16x32_w64_d4_e500/inference/targets_model_space.npy,True,4320128,1,0a8936f465586dbe240ab24a83e3e54a28f741e1f8acfca7d88f3f384300ef93,historical_auxiliary,"[""R0""]",/home/shanjinshuo/fno_kerr/kerr_project/outputs/q_1p6-3_n2000_t1200/fno2d_m16x32_w64_d4_e500/inference/targets_model_space.npy,,DO_NOT_UPLOAD,"Original training-task test300 output, not the independent canonical Q400 Plan A comparison.",[],False,False,False
asset_0064,outputs/q_1p6-3_n2000_t1200/fno2d_m16x32_w64_d4_e500/inference/targets_raw_reference.npy,R0,prediction_auxiliary,/home/shanjinshuo/fno_kerr/kerr_project/outputs/q_1p6-3_n2000_t1200/fno2d_m16x32_w64_d4_e500/inference/targets_raw_reference.npy,outputs/q_1p6-3_n2000_t1200/fno2d_m16x32_w64_d4_e500/inference/targets_raw_reference.npy,True,4320128,1,760e9af6c22b2762d127922a8530bdf04267267d100ffc7ce8729d6a1733732b,historical_auxiliary,"[""R0""]",/home/shanjinshuo/fno_kerr/kerr_project/outputs/q_1p6-3_n2000_t1200/fno2d_m16x32_w64_d4_e500/inference/targets_raw_reference.npy,,DO_NOT_UPLOAD,"Original training-task test300 output, not the independent canonical Q400 Plan A comparison.",[],False,False,False
asset_0065,outputs/q_1p6-3_n2000_t1200/fno2d_m16x32_w64_d4_e500/inference/timing.json,R0,historical_metrics,/home/shanjinshuo/fno_kerr/kerr_project/outputs/q_1p6-3_n2000_t1200/fno2d_m16x32_w64_d4_e500/inference/timing.json,outputs/q_1p6-3_n2000_t1200/fno2d_m16x32_w64_d4_e500/inference/timing.json,True,1504,1,1f1a1326d53092f6c4023d1f35aff0a2622414ba260e5361b5288cc8e09eb365,historical_auxiliary,"[""R0""]",/home/shanjinshuo/fno_kerr/kerr_project/outputs/q_1p6-3_n2000_t1200/fno2d_m16x32_w64_d4_e500/inference/timing.json,,DO_NOT_UPLOAD,"Original training-task test300 output, not the independent canonical Q400 Plan A comparison.",[],False,False,False
asset_0066,outputs/q_1p6-3_n2000_t1200/fno2d_m16x32_w64_d4_e500/logs/train_history.json,R0,training_provenance,/home/shanjinshuo/fno_kerr/kerr_project/outputs/q_1p6-3_n2000_t1200/fno2d_m16x32_w64_d4_e500/logs/train_history.json,outputs/q_1p6-3_n2000_t1200/fno2d_m16x32_w64_d4_e500/logs/train_history.json,True,76286,1,011ccbb0f66513bd3a28f4954bc551cba9b2b423bacf28de7f0263e3c683eee3,formal_training_record,"[""R0""]",/home/shanjinshuo/fno_kerr/kerr_project/outputs/q_1p6-3_n2000_t1200/fno2d_m16x32_w64_d4_e500/logs/train_history.json,,RECOMMENDED_UPLOAD,"Training completion, normalization, validation selection and original task provenance.",[],False,False,False
asset_0067,outputs/q_1p6-3_n2000_t1200/fno2d_m16x32_w64_d4_e500/logs/train_summary.json,R0,training_provenance,/home/shanjinshuo/fno_kerr/kerr_project/outputs/q_1p6-3_n2000_t1200/fno2d_m16x32_w64_d4_e500/logs/train_summary.json,outputs/q_1p6-3_n2000_t1200/fno2d_m16x32_w64_d4_e500/logs/train_summary.json,True,13430,1,7948bd20239c53cea86011a20606ff33469c7b74e123b06f2d61d49929f9a1aa,formal_training_record,"[""R0""]",/home/shanjinshuo/fno_kerr/kerr_project/outputs/q_1p6-3_n2000_t1200/fno2d_m16x32_w64_d4_e500/logs/train_summary.json,,RECOMMENDED_UPLOAD,"Training completion, normalization, validation selection and original task provenance.",[],False,False,False
asset_0068,outputs/q_1p6-3_n2000_t1200/fno2d_m16x32_w64_d4_e500/run_config.json,R0,training_provenance,/home/shanjinshuo/fno_kerr/kerr_project/outputs/q_1p6-3_n2000_t1200/fno2d_m16x32_w64_d4_e500/run_config.json,outputs/q_1p6-3_n2000_t1200/fno2d_m16x32_w64_d4_e500/run_config.json,True,4945,1,d03814c899f26624020d412259fe6042fef39ffaa8ae5d156ef068acc3363990,formal_training_record,"[""R0""]",/home/shanjinshuo/fno_kerr/kerr_project/outputs/q_1p6-3_n2000_t1200/fno2d_m16x32_w64_d4_e500/run_config.json,,RECOMMENDED_UPLOAD,"Training completion, normalization, validation selection and original task provenance.",[],False,False,False
asset_0069,outputs/q_1p6-3_n2000_t1200/fno2d_m16x32_w64_d4_e500/summary.json,R0,training_provenance,/home/shanjinshuo/fno_kerr/kerr_project/outputs/q_1p6-3_n2000_t1200/fno2d_m16x32_w64_d4_e500/summary.json,outputs/q_1p6-3_n2000_t1200/fno2d_m16x32_w64_d4_e500/summary.json,True,3148,1,b4c99279e15e3033a04ac1d47394417a6a46788f99c00d956b35e32f70c716aa,formal_training_record,"[""R0""]",/home/shanjinshuo/fno_kerr/kerr_project/outputs/q_1p6-3_n2000_t1200/fno2d_m16x32_w64_d4_e500/summary.json,,RECOMMENDED_UPLOAD,"Training completion, normalization, validation selection and original task provenance.",[],False,False,False
asset_0070,outputs/q_1p6-3_n2000_t1200/fno2d_m16x32_w64_d4_e500_r1_multilen_t600-800-1000-1200/checkpoints/best_model.pt,R1,best_checkpoint,/home/shanjinshuo/fno_kerr/kerr_project/outputs/q_1p6-3_n2000_t1200/fno2d_m16x32_w64_d4_e500_r1_multilen_t600-800-1000-1200/checkpoints/best_model.pt,outputs/q_1p6-3_n2000_t1200/fno2d_m16x32_w64_d4_e500_r1_multilen_t600-800-1000-1200/checkpoints/best_model.pt,True,402990114,1,58cfd1343523b161eac100cc3336f585538ea9550cb09dcae3eb57fea95b91b8,selected_training_checkpoint,"[""R1"", ""R1_validation_length_response""]",/home/shanjinshuo/fno_kerr/kerr_project/outputs/q_1p6-3_n2000_t1200/fno2d_m16x32_w64_d4_e500_r1_multilen_t600-800-1000-1200/checkpoints/best_model.pt,,RECOMMENDED_UPLOAD,The unique selected BEST required for future controlled inference and checkpoint-level verification.,[],False,False,False
asset_0071,outputs/q_1p6-3_n2000_t1200/fno2d_m16x32_w64_d4_e500_r1_multilen_t600-800-1000-1200/checkpoints/last_model.pt,R1,last_checkpoint,/home/shanjinshuo/fno_kerr/kerr_project/outputs/q_1p6-3_n2000_t1200/fno2d_m16x32_w64_d4_e500_r1_multilen_t600-800-1000-1200/checkpoints/last_model.pt,outputs/q_1p6-3_n2000_t1200/fno2d_m16x32_w64_d4_e500_r1_multilen_t600-800-1000-1200/checkpoints/last_model.pt,True,402990114,1,1ab843622b41e8eb4d6e8604bd19a93537b8c655ee6ba5d4f5e8c2916d9763bd,historical_auxiliary,"[""R1""]",/home/shanjinshuo/fno_kerr/kerr_project/outputs/q_1p6-3_n2000_t1200/fno2d_m16x32_w64_d4_e500_r1_multilen_t600-800-1000-1200/checkpoints/last_model.pt,,DO_NOT_UPLOAD,BEST exists and reproduces the reported result; LAST is not needed for the mentor package.,[],False,False,False
asset_0072,outputs/q_1p6-3_n2000_t1200/fno2d_m16x32_w64_d4_e500_r1_multilen_t600-800-1000-1200/logs/train_history.json,R1,training_provenance,/home/shanjinshuo/fno_kerr/kerr_project/outputs/q_1p6-3_n2000_t1200/fno2d_m16x32_w64_d4_e500_r1_multilen_t600-800-1000-1200/logs/train_history.json,outputs/q_1p6-3_n2000_t1200/fno2d_m16x32_w64_d4_e500_r1_multilen_t600-800-1000-1200/logs/train_history.json,True,565515,1,3bdaa42c3d34aa62c250eb38a65a634ccaadd89d6e275ac008181f309a785cb3,formal_training_record,"[""R1""]",/home/shanjinshuo/fno_kerr/kerr_project/outputs/q_1p6-3_n2000_t1200/fno2d_m16x32_w64_d4_e500_r1_multilen_t600-800-1000-1200/logs/train_history.json,,RECOMMENDED_UPLOAD,"Training completion, normalization, validation selection and original task provenance.",[],False,False,False
asset_0073,outputs/q_1p6-3_n2000_t1200/fno2d_m16x32_w64_d4_e500_r1_multilen_t600-800-1000-1200/logs/train_summary.json,R1,training_provenance,/home/shanjinshuo/fno_kerr/kerr_project/outputs/q_1p6-3_n2000_t1200/fno2d_m16x32_w64_d4_e500_r1_multilen_t600-800-1000-1200/logs/train_summary.json,outputs/q_1p6-3_n2000_t1200/fno2d_m16x32_w64_d4_e500_r1_multilen_t600-800-1000-1200/logs/train_summary.json,True,1612,1,63ef0c9702e86c6a3f1322db80563889809888a39f2dfbe06b25068554f518d9,formal_training_record,"[""R1""]",/home/shanjinshuo/fno_kerr/kerr_project/outputs/q_1p6-3_n2000_t1200/fno2d_m16x32_w64_d4_e500_r1_multilen_t600-800-1000-1200/summary.json,duplicate_003,DO_NOT_UPLOAD,Byte-identical file verified by size and SHA256; reference the canonical file once. Preserve all server copies.,[],False,False,False
asset_0074,outputs/q_1p6-3_n2000_t1200/fno2d_m16x32_w64_d4_e500_r1_multilen_t600-800-1000-1200/run_config.json,R1,training_provenance,/home/shanjinshuo/fno_kerr/kerr_project/outputs/q_1p6-3_n2000_t1200/fno2d_m16x32_w64_d4_e500_r1_multilen_t600-800-1000-1200/run_config.json,outputs/q_1p6-3_n2000_t1200/fno2d_m16x32_w64_d4_e500_r1_multilen_t600-800-1000-1200/run_config.json,True,3766,1,41d43376240d001880a9ad61046729ed2aeb4a47d0e3ce236c2ff636abf103e2,formal_training_record,"[""R1""]",/home/shanjinshuo/fno_kerr/kerr_project/outputs/q_1p6-3_n2000_t1200/fno2d_m16x32_w64_d4_e500_r1_multilen_t600-800-1000-1200/run_config.json,,RECOMMENDED_UPLOAD,"Training completion, normalization, validation selection and original task provenance.",[],False,False,False
asset_0075,outputs/q_1p6-3_n2000_t1200/fno2d_m16x32_w64_d4_e500_r1_multilen_t600-800-1000-1200/summary.json,R1,training_provenance,/home/shanjinshuo/fno_kerr/kerr_project/outputs/q_1p6-3_n2000_t1200/fno2d_m16x32_w64_d4_e500_r1_multilen_t600-800-1000-1200/summary.json,outputs/q_1p6-3_n2000_t1200/fno2d_m16x32_w64_d4_e500_r1_multilen_t600-800-1000-1200/summary.json,True,1612,1,63ef0c9702e86c6a3f1322db80563889809888a39f2dfbe06b25068554f518d9,formal_training_record,"[""R1""]",/home/shanjinshuo/fno_kerr/kerr_project/outputs/q_1p6-3_n2000_t1200/fno2d_m16x32_w64_d4_e500_r1_multilen_t600-800-1000-1200/summary.json,duplicate_003,RECOMMENDED_UPLOAD,"Training completion, normalization, validation selection and original task provenance.",[],False,False,False
asset_0076,outputs/q_1p6-3_n2000_t1200/fno2d_m16x32_w64_d4_e500_r2_q-s-ell_multilen_t600-800-1000-1200/checkpoints/best_model.pt,R2,best_checkpoint,/home/shanjinshuo/fno_kerr/kerr_project/outputs/q_1p6-3_n2000_t1200/fno2d_m16x32_w64_d4_e500_r2_q-s-ell_multilen_t600-800-1000-1200/checkpoints/best_model.pt,outputs/q_1p6-3_n2000_t1200/fno2d_m16x32_w64_d4_e500_r2_q-s-ell_multilen_t600-800-1000-1200/checkpoints/best_model.pt,True,402991906,1,29891a82963e4a78abd0eeb7e4420f9a1d665df2f34aa1529b08693782afcfa1,selected_training_checkpoint,"[""R2""]",/home/shanjinshuo/fno_kerr/kerr_project/outputs/q_1p6-3_n2000_t1200/fno2d_m16x32_w64_d4_e500_r2_q-s-ell_multilen_t600-800-1000-1200/checkpoints/best_model.pt,,RECOMMENDED_UPLOAD,The unique selected BEST required for future controlled inference and checkpoint-level verification.,[],False,False,False
asset_0077,outputs/q_1p6-3_n2000_t1200/fno2d_m16x32_w64_d4_e500_r2_q-s-ell_multilen_t600-800-1000-1200/checkpoints/last_model.pt,R2,last_checkpoint,/home/shanjinshuo/fno_kerr/kerr_project/outputs/q_1p6-3_n2000_t1200/fno2d_m16x32_w64_d4_e500_r2_q-s-ell_multilen_t600-800-1000-1200/checkpoints/last_model.pt,outputs/q_1p6-3_n2000_t1200/fno2d_m16x32_w64_d4_e500_r2_q-s-ell_multilen_t600-800-1000-1200/checkpoints/last_model.pt,True,402991906,1,,historical_auxiliary,"[""R2""]",/home/shanjinshuo/fno_kerr/kerr_project/outputs/q_1p6-3_n2000_t1200/fno2d_m16x32_w64_d4_e500_r2_q-s-ell_multilen_t600-800-1000-1200/checkpoints/last_model.pt,,DO_NOT_UPLOAD,BEST exists and reproduces the reported result; LAST is not needed for the mentor package.,[],False,False,False
asset_0078,outputs/q_1p6-3_n2000_t1200/fno2d_m16x32_w64_d4_e500_r2_q-s-ell_multilen_t600-800-1000-1200/logs/train_history.json,R2,training_provenance,/home/shanjinshuo/fno_kerr/kerr_project/outputs/q_1p6-3_n2000_t1200/fno2d_m16x32_w64_d4_e500_r2_q-s-ell_multilen_t600-800-1000-1200/logs/train_history.json,outputs/q_1p6-3_n2000_t1200/fno2d_m16x32_w64_d4_e500_r2_q-s-ell_multilen_t600-800-1000-1200/logs/train_history.json,True,563693,1,9f4fa9db6cc86f0ba226c3c6fdc2cc4357400af506c042f62677c95605caffd7,formal_training_record,"[""R2""]",/home/shanjinshuo/fno_kerr/kerr_project/outputs/q_1p6-3_n2000_t1200/fno2d_m16x32_w64_d4_e500_r2_q-s-ell_multilen_t600-800-1000-1200/logs/train_history.json,,RECOMMENDED_UPLOAD,"Training completion, normalization, validation selection and original task provenance.",[],False,False,False
asset_0079,outputs/q_1p6-3_n2000_t1200/fno2d_m16x32_w64_d4_e500_r2_q-s-ell_multilen_t600-800-1000-1200/logs/train_summary.json,R2,training_provenance,/home/shanjinshuo/fno_kerr/kerr_project/outputs/q_1p6-3_n2000_t1200/fno2d_m16x32_w64_d4_e500_r2_q-s-ell_multilen_t600-800-1000-1200/logs/train_summary.json,outputs/q_1p6-3_n2000_t1200/fno2d_m16x32_w64_d4_e500_r2_q-s-ell_multilen_t600-800-1000-1200/logs/train_summary.json,True,1636,1,776890528086da524e0f0e7ccc1af6170ee9a7ec78a55900009872c30d62f5f2,formal_training_record,"[""R2""]",/home/shanjinshuo/fno_kerr/kerr_project/outputs/q_1p6-3_n2000_t1200/fno2d_m16x32_w64_d4_e500_r2_q-s-ell_multilen_t600-800-1000-1200/summary.json,duplicate_004,DO_NOT_UPLOAD,Byte-identical file verified by size and SHA256; reference the canonical file once. Preserve all server copies.,[],False,False,False
asset_0080,outputs/q_1p6-3_n2000_t1200/fno2d_m16x32_w64_d4_e500_r2_q-s-ell_multilen_t600-800-1000-1200/run_config.json,R2,training_provenance,/home/shanjinshuo/fno_kerr/kerr_project/outputs/q_1p6-3_n2000_t1200/fno2d_m16x32_w64_d4_e500_r2_q-s-ell_multilen_t600-800-1000-1200/run_config.json,outputs/q_1p6-3_n2000_t1200/fno2d_m16x32_w64_d4_e500_r2_q-s-ell_multilen_t600-800-1000-1200/run_config.json,True,4924,1,0c30b1835ed2a733144de9f661a512b49eab34bf6b86a5cb8674c5483cb7f272,formal_training_record,"[""R2""]",/home/shanjinshuo/fno_kerr/kerr_project/outputs/q_1p6-3_n2000_t1200/fno2d_m16x32_w64_d4_e500_r2_q-s-ell_multilen_t600-800-1000-1200/run_config.json,,RECOMMENDED_UPLOAD,"Training completion, normalization, validation selection and original task provenance.",[],False,False,False
asset_0081,outputs/q_1p6-3_n2000_t1200/fno2d_m16x32_w64_d4_e500_r2_q-s-ell_multilen_t600-800-1000-1200/summary.json,R2,training_provenance,/home/shanjinshuo/fno_kerr/kerr_project/outputs/q_1p6-3_n2000_t1200/fno2d_m16x32_w64_d4_e500_r2_q-s-ell_multilen_t600-800-1000-1200/summary.json,outputs/q_1p6-3_n2000_t1200/fno2d_m16x32_w64_d4_e500_r2_q-s-ell_multilen_t600-800-1000-1200/summary.json,True,1636,1,776890528086da524e0f0e7ccc1af6170ee9a7ec78a55900009872c30d62f5f2,formal_training_record,"[""R2""]",/home/shanjinshuo/fno_kerr/kerr_project/outputs/q_1p6-3_n2000_t1200/fno2d_m16x32_w64_d4_e500_r2_q-s-ell_multilen_t600-800-1000-1200/summary.json,duplicate_004,RECOMMENDED_UPLOAD,"Training completion, normalization, validation selection and original task provenance.",[],False,False,False
asset_0082,outputs/q_1p6-3_n2000_t1200/fno2d_m16x32_w64_d4_e500_r3_physicalfreq_multilen_t600-800-1000-1200/checkpoints/best_model.pt,R3,best_checkpoint,/home/shanjinshuo/fno_kerr/kerr_project/outputs/q_1p6-3_n2000_t1200/fno2d_m16x32_w64_d4_e500_r3_physicalfreq_multilen_t600-800-1000-1200/checkpoints/best_model.pt,outputs/q_1p6-3_n2000_t1200/fno2d_m16x32_w64_d4_e500_r3_physicalfreq_multilen_t600-800-1000-1200/checkpoints/best_model.pt,True,402996002,1,418da911cc1324b8182b924df13f37a5e747209f6ff92a6357e3af8eb0e4a728,selected_training_checkpoint,"[""R3"", ""R3_validation_length_response""]",/home/shanjinshuo/fno_kerr/kerr_project/outputs/q_1p6-3_n2000_t1200/fno2d_m16x32_w64_d4_e500_r3_physicalfreq_multilen_t600-800-1000-1200/checkpoints/best_model.pt,,RECOMMENDED_UPLOAD,The unique selected BEST required for future controlled inference and checkpoint-level verification.,[],False,False,False
asset_0083,outputs/q_1p6-3_n2000_t1200/fno2d_m16x32_w64_d4_e500_r3_physicalfreq_multilen_t600-800-1000-1200/checkpoints/last_model.pt,R3,last_checkpoint,/home/shanjinshuo/fno_kerr/kerr_project/outputs/q_1p6-3_n2000_t1200/fno2d_m16x32_w64_d4_e500_r3_physicalfreq_multilen_t600-800-1000-1200/checkpoints/last_model.pt,outputs/q_1p6-3_n2000_t1200/fno2d_m16x32_w64_d4_e500_r3_physicalfreq_multilen_t600-800-1000-1200/checkpoints/last_model.pt,True,402996002,1,,historical_auxiliary,"[""R3""]",/home/shanjinshuo/fno_kerr/kerr_project/outputs/q_1p6-3_n2000_t1200/fno2d_m16x32_w64_d4_e500_r3_physicalfreq_multilen_t600-800-1000-1200/checkpoints/last_model.pt,,DO_NOT_UPLOAD,BEST exists and reproduces the reported result; LAST is not needed for the mentor package.,[],False,False,False
asset_0084,outputs/q_1p6-3_n2000_t1200/fno2d_m16x32_w64_d4_e500_r3_physicalfreq_multilen_t600-800-1000-1200/logs/train_history.json,R3,training_provenance,/home/shanjinshuo/fno_kerr/kerr_project/outputs/q_1p6-3_n2000_t1200/fno2d_m16x32_w64_d4_e500_r3_physicalfreq_multilen_t600-800-1000-1200/logs/train_history.json,outputs/q_1p6-3_n2000_t1200/fno2d_m16x32_w64_d4_e500_r3_physicalfreq_multilen_t600-800-1000-1200/logs/train_history.json,True,563936,1,6d5676ff3bca268a8373b9d6a1d6a9a098682a7d1015162a6f7912026fd6814a,formal_training_record,"[""R3""]",/home/shanjinshuo/fno_kerr/kerr_project/outputs/q_1p6-3_n2000_t1200/fno2d_m16x32_w64_d4_e500_r3_physicalfreq_multilen_t600-800-1000-1200/logs/train_history.json,,RECOMMENDED_UPLOAD,"Training completion, normalization, validation selection and original task provenance.",[],False,False,False
asset_0085,outputs/q_1p6-3_n2000_t1200/fno2d_m16x32_w64_d4_e500_r3_physicalfreq_multilen_t600-800-1000-1200/logs/train_summary.json,R3,training_provenance,/home/shanjinshuo/fno_kerr/kerr_project/outputs/q_1p6-3_n2000_t1200/fno2d_m16x32_w64_d4_e500_r3_physicalfreq_multilen_t600-800-1000-1200/logs/train_summary.json,outputs/q_1p6-3_n2000_t1200/fno2d_m16x32_w64_d4_e500_r3_physicalfreq_multilen_t600-800-1000-1200/logs/train_summary.json,True,1643,1,a97ec4db7b417b025c9dd3a5f53af5b7faee1aa1853e519fbd22a11e25c9583a,formal_training_record,"[""R3""]",/home/shanjinshuo/fno_kerr/kerr_project/outputs/q_1p6-3_n2000_t1200/fno2d_m16x32_w64_d4_e500_r3_physicalfreq_multilen_t600-800-1000-1200/summary.json,duplicate_005,DO_NOT_UPLOAD,Byte-identical file verified by size and SHA256; reference the canonical file once. Preserve all server copies.,[],False,False,False
asset_0086,outputs/q_1p6-3_n2000_t1200/fno2d_m16x32_w64_d4_e500_r3_physicalfreq_multilen_t600-800-1000-1200/run_config.json,R3,training_provenance,/home/shanjinshuo/fno_kerr/kerr_project/outputs/q_1p6-3_n2000_t1200/fno2d_m16x32_w64_d4_e500_r3_physicalfreq_multilen_t600-800-1000-1200/run_config.json,outputs/q_1p6-3_n2000_t1200/fno2d_m16x32_w64_d4_e500_r3_physicalfreq_multilen_t600-800-1000-1200/run_config.json,True,7057,1,54f0922a3255730974b7450effabdb180c34ade8c26f42b0599a98b224eeb09c,formal_training_record,"[""R3""]",/home/shanjinshuo/fno_kerr/kerr_project/outputs/q_1p6-3_n2000_t1200/fno2d_m16x32_w64_d4_e500_r3_physicalfreq_multilen_t600-800-1000-1200/run_config.json,,RECOMMENDED_UPLOAD,"Training completion, normalization, validation selection and original task provenance.",[],False,False,False
asset_0087,outputs/q_1p6-3_n2000_t1200/fno2d_m16x32_w64_d4_e500_r3_physicalfreq_multilen_t600-800-1000-1200/summary.json,R3,training_provenance,/home/shanjinshuo/fno_kerr/kerr_project/outputs/q_1p6-3_n2000_t1200/fno2d_m16x32_w64_d4_e500_r3_physicalfreq_multilen_t600-800-1000-1200/summary.json,outputs/q_1p6-3_n2000_t1200/fno2d_m16x32_w64_d4_e500_r3_physicalfreq_multilen_t600-800-1000-1200/summary.json,True,1643,1,a97ec4db7b417b025c9dd3a5f53af5b7faee1aa1853e519fbd22a11e25c9583a,formal_training_record,"[""R3""]",/home/shanjinshuo/fno_kerr/kerr_project/outputs/q_1p6-3_n2000_t1200/fno2d_m16x32_w64_d4_e500_r3_physicalfreq_multilen_t600-800-1000-1200/summary.json,duplicate_005,RECOMMENDED_UPLOAD,"Training completion, normalization, validation selection and original task provenance.",[],False,False,False
asset_0088,outputs/r1_validation_length_response/fno2d_m16x32_w64_d4_e500_r1_multilen_t600-800-1000-1200/r1_validation_length_response.csv,R1,diagnostic_csv,/home/shanjinshuo/fno_kerr/kerr_project/outputs/r1_validation_length_response/fno2d_m16x32_w64_d4_e500_r1_multilen_t600-800-1000-1200/r1_validation_length_response.csv,outputs/r1_validation_length_response/fno2d_m16x32_w64_d4_e500_r1_multilen_t600-800-1000-1200/r1_validation_length_response.csv,True,674,1,0dd515195b23ec91f8e71e27f19ad42e11b5c738d8c288f2656610c8cc39461f,development_diagnostic,"[""R1_validation_length_response""]",/home/shanjinshuo/fno_kerr/kerr_project/outputs/r1_validation_length_response/fno2d_m16x32_w64_d4_e500_r1_multilen_t600-800-1000-1200/r1_validation_length_response.csv,,MUST_UPLOAD,Final compact evidence for the recorded Plan A mechanism or validation-response conclusion.,[],False,False,False
asset_0089,outputs/r1_validation_length_response/fno2d_m16x32_w64_d4_e500_r1_multilen_t600-800-1000-1200/r1_validation_length_response_summary.json,R1,diagnostic_summary,/home/shanjinshuo/fno_kerr/kerr_project/outputs/r1_validation_length_response/fno2d_m16x32_w64_d4_e500_r1_multilen_t600-800-1000-1200/r1_validation_length_response_summary.json,outputs/r1_validation_length_response/fno2d_m16x32_w64_d4_e500_r1_multilen_t600-800-1000-1200/r1_validation_length_response_summary.json,True,4512,1,dad625540e53577c4dab497c5fc9141ee814d1c39e5620fd55742966463ff421,development_diagnostic,"[""R1_validation_length_response""]",/home/shanjinshuo/fno_kerr/kerr_project/outputs/r1_validation_length_response/fno2d_m16x32_w64_d4_e500_r1_multilen_t600-800-1000-1200/r1_validation_length_response_summary.json,,MUST_UPLOAD,Final compact evidence for the recorded Plan A mechanism or validation-response conclusion.,[],False,False,False
asset_0090,outputs/r3_validation_length_response/fno2d_m16x32_w64_d4_e500_r3_physicalfreq_multilen_t600-800-1000-1200_best_epoch77_val_t600-1200/r3_validation_length_response_by_length.csv,R3,diagnostic_csv,/home/shanjinshuo/fno_kerr/kerr_project/outputs/r3_validation_length_response/fno2d_m16x32_w64_d4_e500_r3_physicalfreq_multilen_t600-800-1000-1200_best_epoch77_val_t600-1200/r3_validation_length_response_by_length.csv,outputs/r3_validation_length_response/fno2d_m16x32_w64_d4_e500_r3_physicalfreq_multilen_t600-800-1000-1200_best_epoch77_val_t600-1200/r3_validation_length_response_by_length.csv,True,1291,1,52b85b22816e2c55ab0ee794c55530872bc7099a4d72f26842e22fafb792294c,development_diagnostic,"[""R3_validation_length_response""]",/home/shanjinshuo/fno_kerr/kerr_project/outputs/r3_validation_length_response/fno2d_m16x32_w64_d4_e500_r3_physicalfreq_multilen_t600-800-1000-1200_best_epoch77_val_t600-1200/r3_validation_length_response_by_length.csv,,MUST_UPLOAD,Final compact evidence for the recorded Plan A mechanism or validation-response conclusion.,[],False,False,False
asset_0091,outputs/r3_validation_length_response/fno2d_m16x32_w64_d4_e500_r3_physicalfreq_multilen_t600-800-1000-1200_best_epoch77_val_t600-1200/r3_validation_length_response_per_q.csv,R3,diagnostic_csv,/home/shanjinshuo/fno_kerr/kerr_project/outputs/r3_validation_length_response/fno2d_m16x32_w64_d4_e500_r3_physicalfreq_multilen_t600-800-1000-1200_best_epoch77_val_t600-1200/r3_validation_length_response_per_q.csv,outputs/r3_validation_length_response/fno2d_m16x32_w64_d4_e500_r3_physicalfreq_multilen_t600-800-1000-1200_best_epoch77_val_t600-1200/r3_validation_length_response_per_q.csv,True,153223,1,6914860d2c026edfae138f7cb29d1ef0b00065c10b3cf138ba5b84db6a822460,development_diagnostic,"[""R3_validation_length_response""]",/home/shanjinshuo/fno_kerr/kerr_project/outputs/r3_validation_length_response/fno2d_m16x32_w64_d4_e500_r3_physicalfreq_multilen_t600-800-1000-1200_best_epoch77_val_t600-1200/r3_validation_length_response_per_q.csv,,MUST_UPLOAD,Final compact evidence for the recorded Plan A mechanism or validation-response conclusion.,[],False,False,False
asset_0092,outputs/r3_validation_length_response/fno2d_m16x32_w64_d4_e500_r3_physicalfreq_multilen_t600-800-1000-1200_best_epoch77_val_t600-1200/r3_validation_length_response_summary.json,R3,diagnostic_summary,/home/shanjinshuo/fno_kerr/kerr_project/outputs/r3_validation_length_response/fno2d_m16x32_w64_d4_e500_r3_physicalfreq_multilen_t600-800-1000-1200_best_epoch77_val_t600-1200/r3_validation_length_response_summary.json,outputs/r3_validation_length_response/fno2d_m16x32_w64_d4_e500_r3_physicalfreq_multilen_t600-800-1000-1200_best_epoch77_val_t600-1200/r3_validation_length_response_summary.json,True,23244,1,70a95ceeaf3906731bcab424bf73e67c5a7e5e7f0bff86e8141a7cae902416fa,development_diagnostic,"[""R3_validation_length_response""]",/home/shanjinshuo/fno_kerr/kerr_project/outputs/r3_validation_length_response/fno2d_m16x32_w64_d4_e500_r3_physicalfreq_multilen_t600-800-1000-1200_best_epoch77_val_t600-1200/r3_validation_length_response_summary.json,,MUST_UPLOAD,Final compact evidence for the recorded Plan A mechanism or validation-response conclusion.,[],False,False,False
asset_0093,outputs/raw_kerr_spectral_energy/q400_t1200_t1800_t2400_m32_raw/dominant_peaks.csv,M2,diagnostic_csv,/home/shanjinshuo/fno_kerr/kerr_project/outputs/raw_kerr_spectral_energy/q400_t1200_t1800_t2400_m32_raw/dominant_peaks.csv,outputs/raw_kerr_spectral_energy/q400_t1200_t1800_t2400_m32_raw/dominant_peaks.csv,True,7316,1,4c182eaea4e98396065a5a164a708e47271e4f223508cfe903099603aef79b26,development_diagnostic,"[""M2""]",/home/shanjinshuo/fno_kerr/kerr_project/outputs/raw_kerr_spectral_energy/q400_t1200_t1800_t2400_m32_raw/dominant_peaks.csv,,MUST_UPLOAD,Final compact evidence for the recorded Plan A mechanism or validation-response conclusion.,[],False,False,False
asset_0094,outputs/raw_kerr_spectral_energy/q400_t1200_t1800_t2400_m32_raw/raw_spectral_energy_summary.json,M2,diagnostic_summary,/home/shanjinshuo/fno_kerr/kerr_project/outputs/raw_kerr_spectral_energy/q400_t1200_t1800_t2400_m32_raw/raw_spectral_energy_summary.json,outputs/raw_kerr_spectral_energy/q400_t1200_t1800_t2400_m32_raw/raw_spectral_energy_summary.json,True,16846,1,cb7f597e040e07b15539fa77f815cfd36e422df58f759fe59a778b64c4be5c83,development_diagnostic,"[""M2""]",/home/shanjinshuo/fno_kerr/kerr_project/outputs/raw_kerr_spectral_energy/q400_t1200_t1800_t2400_m32_raw/raw_spectral_energy_summary.json,,MUST_UPLOAD,Final compact evidence for the recorded Plan A mechanism or validation-response conclusion.,[],False,False,False
asset_0095,outputs/raw_kerr_spectral_energy/q400_t1200_t1800_t2400_m32_raw/spectral_band_energy.csv,M2,diagnostic_csv,/home/shanjinshuo/fno_kerr/kerr_project/outputs/raw_kerr_spectral_energy/q400_t1200_t1800_t2400_m32_raw/spectral_band_energy.csv,outputs/raw_kerr_spectral_energy/q400_t1200_t1800_t2400_m32_raw/spectral_band_energy.csv,True,4928,1,3037b03fbb7b8ee3f3cf0b8e00a664fbbf5a564b6f95e9facaf9a70b408593c6,development_diagnostic,"[""M2""]",/home/shanjinshuo/fno_kerr/kerr_project/outputs/raw_kerr_spectral_energy/q400_t1200_t1800_t2400_m32_raw/spectral_band_energy.csv,,MUST_UPLOAD,Final compact evidence for the recorded Plan A mechanism or validation-response conclusion.,[],False,False,False
asset_0096,scripts/analyze_raw_kerr_spectral_energy.py,Plan_A,source_code,/home/shanjinshuo/fno_kerr/kerr_project/scripts/analyze_raw_kerr_spectral_energy.py,scripts/analyze_raw_kerr_spectral_energy.py,True,36199,1,fe6c752bef9b15f1721a04218e11a17e39bde82ea747cd420de95dff285d6e08,Git/code-derived,"[""A0"", ""R0"", ""M1"", ""M2"", ""M3"", ""M4a"", ""M4b"", ""original_design_audit"", ""R1"", ""R2"", ""R3""]",/home/shanjinshuo/fno_kerr/kerr_project/scripts/analyze_raw_kerr_spectral_energy.py,,INDEX_ONLY,Reference the Git-tracked source or scientific record at the recorded commit; do not duplicate source into the external data package.,[],False,False,False
asset_0097,scripts/compare_length_prefix_predictions_2d.py,Plan_A,source_code,/home/shanjinshuo/fno_kerr/kerr_project/scripts/compare_length_prefix_predictions_2d.py,scripts/compare_length_prefix_predictions_2d.py,True,9850,1,0ee74274cf65c55352218a9684164209b5ab0dba39d2db9545d625a260471501,Git/code-derived,"[""A0"", ""R0"", ""M1"", ""M2"", ""M3"", ""M4a"", ""M4b"", ""original_design_audit"", ""R1"", ""R2"", ""R3""]",/home/shanjinshuo/fno_kerr/kerr_project/scripts/compare_length_prefix_predictions_2d.py,,INDEX_ONLY,Reference the Git-tracked source or scientific record at the recorded commit; do not duplicate source into the external data package.,[],False,False,False
asset_0098,scripts/diagnose_fno2d_internal_length_sensitivity.py,Plan_A,source_code,/home/shanjinshuo/fno_kerr/kerr_project/scripts/diagnose_fno2d_internal_length_sensitivity.py,scripts/diagnose_fno2d_internal_length_sensitivity.py,True,29021,1,914eabf0d4ee12f5c7760f14abaa2b844e244bb83fc303ce9b268a33328cc7ab,Git/code-derived,"[""A0"", ""R0"", ""M1"", ""M2"", ""M3"", ""M4a"", ""M4b"", ""original_design_audit"", ""R1"", ""R2"", ""R3""]",/home/shanjinshuo/fno_kerr/kerr_project/scripts/diagnose_fno2d_internal_length_sensitivity.py,,INDEX_ONLY,Reference the Git-tracked source or scientific record at the recorded commit; do not duplicate source into the external data package.,[],False,False,False
asset_0099,scripts/diagnose_lambda_coordinate_clamp_effect_2d.py,Plan_A,source_code,/home/shanjinshuo/fno_kerr/kerr_project/scripts/diagnose_lambda_coordinate_clamp_effect_2d.py,scripts/diagnose_lambda_coordinate_clamp_effect_2d.py,True,39476,1,8bef61e655092c6828ca1b61d1f1d35d9ef825b3077a9ea36e5438fc15d208a7,Git/code-derived,"[""A0"", ""R0"", ""M1"", ""M2"", ""M3"", ""M4a"", ""M4b"", ""original_design_audit"", ""R1"", ""R2"", ""R3""]",/home/shanjinshuo/fno_kerr/kerr_project/scripts/diagnose_lambda_coordinate_clamp_effect_2d.py,,INDEX_ONLY,Reference the Git-tracked source or scientific record at the recorded commit; do not duplicate source into the external data package.,[],False,False,False
asset_0100,scripts/evaluate_common_test_2d.py,Plan_A,source_code,/home/shanjinshuo/fno_kerr/kerr_project/scripts/evaluate_common_test_2d.py,scripts/evaluate_common_test_2d.py,True,28318,1,9f0e245ad7e2705a4cf05983d35292d7b5f9560d3bb53f5946e67fe6cbbeab66,Git/code-derived,"[""A0"", ""R0"", ""M1"", ""M2"", ""M3"", ""M4a"", ""M4b"", ""original_design_audit"", ""R1"", ""R2"", ""R3""]",/home/shanjinshuo/fno_kerr/kerr_project/scripts/evaluate_common_test_2d.py,,INDEX_ONLY,Reference the Git-tracked source or scientific record at the recorded commit; do not duplicate source into the external data package.,[],False,False,False
asset_0101,scripts/evaluate_formal_length_extrapolation_2d.py,Plan_A,source_code,/home/shanjinshuo/fno_kerr/kerr_project/scripts/evaluate_formal_length_extrapolation_2d.py,scripts/evaluate_formal_length_extrapolation_2d.py,True,34678,1,cb96a639e2e4ace97014178b01f00c45d7d5f7cec2098ba60d5e36e15698a537,Git/code-derived,"[""A0"", ""R0"", ""M1"", ""M2"", ""M3"", ""M4a"", ""M4b"", ""original_design_audit"", ""R1"", ""R2"", ""R3""]",/home/shanjinshuo/fno_kerr/kerr_project/scripts/evaluate_formal_length_extrapolation_2d.py,,INDEX_ONLY,Reference the Git-tracked source or scientific record at the recorded commit; do not duplicate source into the external data package.,[],False,False,False
asset_0102,scripts/evaluate_formal_length_extrapolation_r2_2d.py,Plan_A,source_code,/home/shanjinshuo/fno_kerr/kerr_project/scripts/evaluate_formal_length_extrapolation_r2_2d.py,scripts/evaluate_formal_length_extrapolation_r2_2d.py,True,31008,1,363dd1e52aa56fb523ccbcf96610b2fc3dbc0942e28f044074aa897aaec4e2e0,Git/code-derived,"[""A0"", ""R0"", ""M1"", ""M2"", ""M3"", ""M4a"", ""M4b"", ""original_design_audit"", ""R1"", ""R2"", ""R3""]",/home/shanjinshuo/fno_kerr/kerr_project/scripts/evaluate_formal_length_extrapolation_r2_2d.py,,INDEX_ONLY,Reference the Git-tracked source or scientific record at the recorded commit; do not duplicate source into the external data package.,[],False,False,False
asset_0103,scripts/evaluate_formal_length_extrapolation_r3_2d.py,Plan_A,source_code,/home/shanjinshuo/fno_kerr/kerr_project/scripts/evaluate_formal_length_extrapolation_r3_2d.py,scripts/evaluate_formal_length_extrapolation_r3_2d.py,True,20939,1,ff998b5056838199bc94017fbb988e8bdd6d0bf1668ee64fc46bfcf118c10d5c,Git/code-derived,"[""A0"", ""R0"", ""M1"", ""M2"", ""M3"", ""M4a"", ""M4b"", ""original_design_audit"", ""R1"", ""R2"", ""R3""]",/home/shanjinshuo/fno_kerr/kerr_project/scripts/evaluate_formal_length_extrapolation_r3_2d.py,,INDEX_ONLY,Reference the Git-tracked source or scientific record at the recorded commit; do not duplicate source into the external data package.,[],False,False,False
asset_0104,scripts/evaluate_length_change_prediction_consistency_2d.py,Plan_A,source_code,/home/shanjinshuo/fno_kerr/kerr_project/scripts/evaluate_length_change_prediction_consistency_2d.py,scripts/evaluate_length_change_prediction_consistency_2d.py,True,25408,1,6050942c7dce28e147614b6ae45c90e7a185f8f0a924cfc50aec3a0109d3a5ee,Git/code-derived,"[""A0"", ""R0"", ""M1"", ""M2"", ""M3"", ""M4a"", ""M4b"", ""original_design_audit"", ""R1"", ""R2"", ""R3""]",/home/shanjinshuo/fno_kerr/kerr_project/scripts/evaluate_length_change_prediction_consistency_2d.py,,INDEX_ONLY,Reference the Git-tracked source or scientific record at the recorded commit; do not duplicate source into the external data package.,[],False,False,False
asset_0105,scripts/evaluate_length_extrapolation_2d.py,Plan_A,source_code,/home/shanjinshuo/fno_kerr/kerr_project/scripts/evaluate_length_extrapolation_2d.py,scripts/evaluate_length_extrapolation_2d.py,True,29495,1,679318d2b57909f462e4cc556794c9320ed03845388f43d4cb625bf3d39d40fa,Git/code-derived,"[""A0"", ""R0"", ""M1"", ""M2"", ""M3"", ""M4a"", ""M4b"", ""original_design_audit"", ""R1"", ""R2"", ""R3""]",/home/shanjinshuo/fno_kerr/kerr_project/scripts/evaluate_length_extrapolation_2d.py,,INDEX_ONLY,Reference the Git-tracked source or scientific record at the recorded commit; do not duplicate source into the external data package.,[],False,False,False
asset_0106,scripts/evaluate_plan_b_resolution_generalization_2d.py,Plan_A,source_code,/home/shanjinshuo/fno_kerr/kerr_project/scripts/evaluate_plan_b_resolution_generalization_2d.py,scripts/evaluate_plan_b_resolution_generalization_2d.py,True,19897,1,ad85646be2147e9771a1aa405a76917a0933150b7d54d6ae0af5772c3d546737,Git/code-derived,"[""A0"", ""R0"", ""M1"", ""M2"", ""M3"", ""M4a"", ""M4b"", ""original_design_audit"", ""R1"", ""R2"", ""R3""]",/home/shanjinshuo/fno_kerr/kerr_project/scripts/evaluate_plan_b_resolution_generalization_2d.py,,INDEX_ONLY,Reference the Git-tracked source or scientific record at the recorded commit; do not duplicate source into the external data package.,[],False,False,False
asset_0107,scripts/evaluate_r1_validation_length_response_2d.py,Plan_A,source_code,/home/shanjinshuo/fno_kerr/kerr_project/scripts/evaluate_r1_validation_length_response_2d.py,scripts/evaluate_r1_validation_length_response_2d.py,True,20177,1,fac32b5c46bb512027281e5cb82207744df9fad8414146603c684bbc7dac5b80,Git/code-derived,"[""A0"", ""R0"", ""M1"", ""M2"", ""M3"", ""M4a"", ""M4b"", ""original_design_audit"", ""R1"", ""R2"", ""R3""]",/home/shanjinshuo/fno_kerr/kerr_project/scripts/evaluate_r1_validation_length_response_2d.py,,INDEX_ONLY,Reference the Git-tracked source or scientific record at the recorded commit; do not duplicate source into the external data package.,[],False,False,False
asset_0108,scripts/evaluate_r3_validation_length_response_2d.py,Plan_A,source_code,/home/shanjinshuo/fno_kerr/kerr_project/scripts/evaluate_r3_validation_length_response_2d.py,scripts/evaluate_r3_validation_length_response_2d.py,True,18707,1,93d3304c71066dbfee9a708674ebff02ac6c72fd42b9509211af15841e4325b6,Git/code-derived,"[""A0"", ""R0"", ""M1"", ""M2"", ""M3"", ""M4a"", ""M4b"", ""original_design_audit"", ""R1"", ""R2"", ""R3""]",/home/shanjinshuo/fno_kerr/kerr_project/scripts/evaluate_r3_validation_length_response_2d.py,,INDEX_ONLY,Reference the Git-tracked source or scientific record at the recorded commit; do not duplicate source into the external data package.,[],False,False,False
asset_0109,scripts/generate_dataset.py,Plan_A,source_code,/home/shanjinshuo/fno_kerr/kerr_project/scripts/generate_dataset.py,scripts/generate_dataset.py,True,9100,1,4e1b1b2715ba91fbfc3a9b2c47ece35d1e7f9f41281ac2e094549d23add33dc8,Git/code-derived,"[""A0"", ""R0"", ""M1"", ""M2"", ""M3"", ""M4a"", ""M4b"", ""original_design_audit"", ""R1"", ""R2"", ""R3""]",/home/shanjinshuo/fno_kerr/kerr_project/scripts/generate_dataset.py,,INDEX_ONLY,Reference the Git-tracked source or scientific record at the recorded commit; do not duplicate source into the external data package.,[],False,False,False
asset_0110,scripts/generate_length_extrapolation_datasets.sh,Plan_A,source_code,/home/shanjinshuo/fno_kerr/kerr_project/scripts/generate_length_extrapolation_datasets.sh,scripts/generate_length_extrapolation_datasets.sh,True,1568,1,6ebf75d0b65fcccce6f3ec24b7b47aa8b9970af6fba8357240cd1b1fe6dd4a1a,Git/code-derived,"[""A0"", ""R0"", ""M1"", ""M2"", ""M3"", ""M4a"", ""M4b"", ""original_design_audit"", ""R1"", ""R2"", ""R3""]",/home/shanjinshuo/fno_kerr/kerr_project/scripts/generate_length_extrapolation_datasets.sh,,INDEX_ONLY,Reference the Git-tracked source or scientific record at the recorded commit; do not duplicate source into the external data package.,[],False,False,False
asset_0111,scripts/train_fno2d_domain_conditioned_r2.py,Plan_A,source_code,/home/shanjinshuo/fno_kerr/kerr_project/scripts/train_fno2d_domain_conditioned_r2.py,scripts/train_fno2d_domain_conditioned_r2.py,True,23369,1,c40fdc02b144b10ec8bc6440b1be4cd8e6175efa64aa850e8df313d30157a9ea,Git/code-derived,"[""A0"", ""R0"", ""M1"", ""M2"", ""M3"", ""M4a"", ""M4b"", ""original_design_audit"", ""R1"", ""R2"", ""R3""]",/home/shanjinshuo/fno_kerr/kerr_project/scripts/train_fno2d_domain_conditioned_r2.py,,INDEX_ONLY,Reference the Git-tracked source or scientific record at the recorded commit; do not duplicate source into the external data package.,[],False,False,False
asset_0112,scripts/train_fno2d_physical_frequency_r3.py,Plan_A,source_code,/home/shanjinshuo/fno_kerr/kerr_project/scripts/train_fno2d_physical_frequency_r3.py,scripts/train_fno2d_physical_frequency_r3.py,True,16153,1,8bc28e32191e24b23c35c65a75cf4d449ea86f86f0dc7cfbfda6ec27c52a1e4d,Git/code-derived,"[""A0"", ""R0"", ""M1"", ""M2"", ""M3"", ""M4a"", ""M4b"", ""original_design_audit"", ""R1"", ""R2"", ""R3""]",/home/shanjinshuo/fno_kerr/kerr_project/scripts/train_fno2d_physical_frequency_r3.py,,INDEX_ONLY,Reference the Git-tracked source or scientific record at the recorded commit; do not duplicate source into the external data package.,[],False,False,False
asset_0113,scripts/train_fno2d_variable_length_r1.py,Plan_A,source_code,/home/shanjinshuo/fno_kerr/kerr_project/scripts/train_fno2d_variable_length_r1.py,scripts/train_fno2d_variable_length_r1.py,True,27433,1,21db5ad709037cd5f0c08017c53ab2380884400895c7e28f538f4415853996d9,Git/code-derived,"[""A0"", ""R0"", ""M1"", ""M2"", ""M3"", ""M4a"", ""M4b"", ""original_design_audit"", ""R1"", ""R2"", ""R3""]",/home/shanjinshuo/fno_kerr/kerr_project/scripts/train_fno2d_variable_length_r1.py,,INDEX_ONLY,Reference the Git-tracked source or scientific record at the recorded commit; do not duplicate source into the external data package.,[],False,False,False
asset_0114,scripts/train_model_2d.py,Plan_A,source_code,/home/shanjinshuo/fno_kerr/kerr_project/scripts/train_model_2d.py,scripts/train_model_2d.py,True,32187,1,f9b5fc1b7810fe23435a4372b1999ee9e4f314c5bc125601857169520f04276d,Git/code-derived,"[""A0"", ""R0"", ""M1"", ""M2"", ""M3"", ""M4a"", ""M4b"", ""original_design_audit"", ""R1"", ""R2"", ""R3""]",/home/shanjinshuo/fno_kerr/kerr_project/scripts/train_model_2d.py,,INDEX_ONLY,Reference the Git-tracked source or scientific record at the recorded commit; do not duplicate source into the external data package.,[],False,False,False
asset_0115,scripts/validate_length_dataset_prefix_identity.py,Plan_A,source_code,/home/shanjinshuo/fno_kerr/kerr_project/scripts/validate_length_dataset_prefix_identity.py,scripts/validate_length_dataset_prefix_identity.py,True,20537,1,f4b6e02ff529e87436332dea676d06f7542301bc0a79e5ea54231fbfcc11ebc5,Git/code-derived,"[""A0"", ""R0"", ""M1"", ""M2"", ""M3"", ""M4a"", ""M4b"", ""original_design_audit"", ""R1"", ""R2"", ""R3""]",/home/shanjinshuo/fno_kerr/kerr_project/scripts/validate_length_dataset_prefix_identity.py,,INDEX_ONLY,Reference the Git-tracked source or scientific record at the recorded commit; do not duplicate source into the external data package.,[],False,False,False
asset_0116,src/data_generation/dataset_builder.py,Plan_A,source_code,/home/shanjinshuo/fno_kerr/kerr_project/src/data_generation/dataset_builder.py,src/data_generation/dataset_builder.py,True,18451,1,5056dd402ab79005d3d410b7d6a2f58a5bcad159e89811cd219563da3133237e,Git/code-derived,"[""A0"", ""R0"", ""M1"", ""M2"", ""M3"", ""M4a"", ""M4b"", ""original_design_audit"", ""R1"", ""R2"", ""R3""]",/home/shanjinshuo/fno_kerr/kerr_project/src/data_generation/dataset_builder.py,,INDEX_ONLY,Reference the Git-tracked source or scientific record at the recorded commit; do not duplicate source into the external data package.,[],False,False,False
asset_0117,src/data_generation/dataset_saver.py,Plan_A,source_code,/home/shanjinshuo/fno_kerr/kerr_project/src/data_generation/dataset_saver.py,src/data_generation/dataset_saver.py,True,11312,1,6e9a2b8910640ee1d34ce8317dd9bae986e6809095466ed92ebcab9208122f97,Git/code-derived,"[""A0"", ""R0"", ""M1"", ""M2"", ""M3"", ""M4a"", ""M4b"", ""original_design_audit"", ""R1"", ""R2"", ""R3""]",/home/shanjinshuo/fno_kerr/kerr_project/src/data_generation/dataset_saver.py,,INDEX_ONLY,Reference the Git-tracked source or scientific record at the recorded commit; do not duplicate source into the external data package.,[],False,False,False
asset_0118,src/data_generation/orbit_solver_second_order.py,Plan_A,source_code,/home/shanjinshuo/fno_kerr/kerr_project/src/data_generation/orbit_solver_second_order.py,src/data_generation/orbit_solver_second_order.py,True,9520,1,f89efd9ce2cd62d3cd377563c550b8dced1203b1becdc5efc67cfe56be01da39,Git/code-derived,"[""A0"", ""R0"", ""M1"", ""M2"", ""M3"", ""M4a"", ""M4b"", ""original_design_audit"", ""R1"", ""R2"", ""R3""]",/home/shanjinshuo/fno_kerr/kerr_project/src/data_generation/orbit_solver_second_order.py,,INDEX_ONLY,Reference the Git-tracked source or scientific record at the recorded commit; do not duplicate source into the external data package.,[],False,False,False
asset_0119,src/models/fno2d/fno2d.py,Plan_A,source_code,/home/shanjinshuo/fno_kerr/kerr_project/src/models/fno2d/fno2d.py,src/models/fno2d/fno2d.py,True,8291,1,2fc2ade699372a59f123d26b4184995edf25559004707effe1aaefeec0fd2940,Git/code-derived,"[""A0"", ""R0"", ""M1"", ""M2"", ""M3"", ""M4a"", ""M4b"", ""original_design_audit"", ""R1"", ""R2"", ""R3""]",/home/shanjinshuo/fno_kerr/kerr_project/src/models/fno2d/fno2d.py,,INDEX_ONLY,Reference the Git-tracked source or scientific record at the recorded commit; do not duplicate source into the external data package.,[],False,False,False
asset_0120,src/models/fno2d/fno2d_physical_frequency.py,Plan_A,source_code,/home/shanjinshuo/fno_kerr/kerr_project/src/models/fno2d/fno2d_physical_frequency.py,src/models/fno2d/fno2d_physical_frequency.py,True,3978,1,11b6da8864da525f9e37b639caf7c45a13196a3a58c2d3be115d1a4b77736b89,Git/code-derived,"[""A0"", ""R0"", ""M1"", ""M2"", ""M3"", ""M4a"", ""M4b"", ""original_design_audit"", ""R1"", ""R2"", ""R3""]",/home/shanjinshuo/fno_kerr/kerr_project/src/models/fno2d/fno2d_physical_frequency.py,,INDEX_ONLY,Reference the Git-tracked source or scientific record at the recorded commit; do not duplicate source into the external data package.,[],False,False,False
asset_0121,src/models/fno2d/layers2d.py,Plan_A,source_code,/home/shanjinshuo/fno_kerr/kerr_project/src/models/fno2d/layers2d.py,src/models/fno2d/layers2d.py,True,7207,1,77c6cf535beb9386ca5f0284de393f645a74c72d1333ad8c09ace895f5236134,Git/code-derived,"[""A0"", ""R0"", ""M1"", ""M2"", ""M3"", ""M4a"", ""M4b"", ""original_design_audit"", ""R1"", ""R2"", ""R3""]",/home/shanjinshuo/fno_kerr/kerr_project/src/models/fno2d/layers2d.py,,INDEX_ONLY,Reference the Git-tracked source or scientific record at the recorded commit; do not duplicate source into the external data package.,[],False,False,False
asset_0122,src/models/fno2d/physical_frequency_layers2d.py,Plan_A,source_code,/home/shanjinshuo/fno_kerr/kerr_project/src/models/fno2d/physical_frequency_layers2d.py,src/models/fno2d/physical_frequency_layers2d.py,True,8112,1,c1049542d0ac5a455650c2275a6e797c59ac96a83e975fd6fe8fb88ac7d694cf,Git/code-derived,"[""A0"", ""R0"", ""M1"", ""M2"", ""M3"", ""M4a"", ""M4b"", ""original_design_audit"", ""R1"", ""R2"", ""R3""]",/home/shanjinshuo/fno_kerr/kerr_project/src/models/fno2d/physical_frequency_layers2d.py,,INDEX_ONLY,Reference the Git-tracked source or scientific record at the recorded commit; do not duplicate source into the external data package.,[],False,False,False
asset_0123,src/models/registry_2d.py,Plan_A,source_code,/home/shanjinshuo/fno_kerr/kerr_project/src/models/registry_2d.py,src/models/registry_2d.py,True,5492,1,28f7af89407a1d5869e46e862ede3d1fe809b1b9ab7cc22647d4129adc927c32,Git/code-derived,"[""A0"", ""R0"", ""M1"", ""M2"", ""M3"", ""M4a"", ""M4b"", ""original_design_audit"", ""R1"", ""R2"", ""R3""]",/home/shanjinshuo/fno_kerr/kerr_project/src/models/registry_2d.py,,INDEX_ONLY,Reference the Git-tracked source or scientific record at the recorded commit; do not duplicate source into the external data package.,[],False,False,False
asset_0124,src/training/checkpoint.py,Plan_A,source_code,/home/shanjinshuo/fno_kerr/kerr_project/src/training/checkpoint.py,src/training/checkpoint.py,True,4106,1,e02561e21edfdac2e73c887aa04dbbe008a469f9982a613c5ffe7628080fcd37,Git/code-derived,"[""A0"", ""R0"", ""M1"", ""M2"", ""M3"", ""M4a"", ""M4b"", ""original_design_audit"", ""R1"", ""R2"", ""R3""]",/home/shanjinshuo/fno_kerr/kerr_project/src/training/checkpoint.py,,INDEX_ONLY,Reference the Git-tracked source or scientific record at the recorded commit; do not duplicate source into the external data package.,[],False,False,False
asset_0125,src/training/fno2d/dataset_loader_2d.py,Plan_A,source_code,/home/shanjinshuo/fno_kerr/kerr_project/src/training/fno2d/dataset_loader_2d.py,src/training/fno2d/dataset_loader_2d.py,True,24359,1,7f00f5019573b4d4327fe20922aa685b50bb335dae06a8276a6abc9d27ce6442,Git/code-derived,"[""A0"", ""R0"", ""M1"", ""M2"", ""M3"", ""M4a"", ""M4b"", ""original_design_audit"", ""R1"", ""R2"", ""R3""]",/home/shanjinshuo/fno_kerr/kerr_project/src/training/fno2d/dataset_loader_2d.py,,INDEX_ONLY,Reference the Git-tracked source or scientific record at the recorded commit; do not duplicate source into the external data package.,[],False,False,False
asset_0126,src/training/fno2d/input_builder_2d.py,Plan_A,source_code,/home/shanjinshuo/fno_kerr/kerr_project/src/training/fno2d/input_builder_2d.py,src/training/fno2d/input_builder_2d.py,True,8384,1,d3d59f4a3c9fc49f56d49aa952693cb62cd85fbee68fbbf2d11964da8b4a9615,Git/code-derived,"[""A0"", ""R0"", ""M1"", ""M2"", ""M3"", ""M4a"", ""M4b"", ""original_design_audit"", ""R1"", ""R2"", ""R3""]",/home/shanjinshuo/fno_kerr/kerr_project/src/training/fno2d/input_builder_2d.py,,INDEX_ONLY,Reference the Git-tracked source or scientific record at the recorded commit; do not duplicate source into the external data package.,[],False,False,False
asset_0127,src/training/fno2d/normalization_2d.py,Plan_A,source_code,/home/shanjinshuo/fno_kerr/kerr_project/src/training/fno2d/normalization_2d.py,src/training/fno2d/normalization_2d.py,True,8262,1,22a0eabacc087d48c58410a21f705d6bda6f0d585af35f27aad9a11957217b42,Git/code-derived,"[""A0"", ""R0"", ""M1"", ""M2"", ""M3"", ""M4a"", ""M4b"", ""original_design_audit"", ""R1"", ""R2"", ""R3""]",/home/shanjinshuo/fno_kerr/kerr_project/src/training/fno2d/normalization_2d.py,,INDEX_ONLY,Reference the Git-tracked source or scientific record at the recorded commit; do not duplicate source into the external data package.,[],False,False,False
asset_0128,src/training/fno2d/target_transform_2d.py,Plan_A,source_code,/home/shanjinshuo/fno_kerr/kerr_project/src/training/fno2d/target_transform_2d.py,src/training/fno2d/target_transform_2d.py,True,7066,1,76a56a0d8a5166a1bf4009ede5a8e382e1e2196d5125b141faea97ec6ce84b79,Git/code-derived,"[""A0"", ""R0"", ""M1"", ""M2"", ""M3"", ""M4a"", ""M4b"", ""original_design_audit"", ""R1"", ""R2"", ""R3""]",/home/shanjinshuo/fno_kerr/kerr_project/src/training/fno2d/target_transform_2d.py,,INDEX_ONLY,Reference the Git-tracked source or scientific record at the recorded commit; do not duplicate source into the external data package.,[],False,False,False
